area,fips,date,labor_force,employment,unemployment,unemployment_rate,food_insufficiency_n,food_insufficiency_pct
United States,00,2001-12-01,144006668,136226089,7780579,5.402929675450862,9262048.867,3.3493799508517332
Alabama,01,2001-12-01,2122949,1998822,124127,5.8469138919493595,245801.4861,5.4278685006386596
Alaska,02,2001-12-01,318934,297214,21720,6.810186433556786,13685.7522,2.218929212847196
Arizona,04,2001-12-01,2634321,2495064,139257,5.2862578250714325,207453.2327,4.162825492260534
Arkansas,05,2001-12-01,1246914,1181093,65821,5.278712084393952,122444.4576,4.641871399028001
California,06,2001-12-01,17200689,16143866,1056823,6.144073647282385,1490248.5749,4.293655722723571
Colorado,08,2001-12-01,2420434,2297695,122739,5.070950085811057,85761.4436,2.029560653001786
Connecticut,09,2001-12-01,1748766,1700454,48312,2.762633765752536,82486.8885,2.4656794801544173
Delaware,10,2001-12-01,421744,407745,13999,3.31931218938503,16403.638499999997,2.059728999011777
Florida,12,2001-12-01,8049559,7580404,469155,5.828331713575862,690169.6158,4.43983285931456
Georgia,13,2001-12-01,4295746,4095183,200563,4.668874742594185,506470.29449999996,6.54004097219846
Hawaii,15,2001-12-01,607399,577545,29854,4.91505583644359,38623.9047,3.2812053060881836
Idaho,16,2001-12-01,678959,641033,37926,5.585904303499917,42228.5661,3.253653356180584
Illinois,17,2001-12-01,6413543,6029302,384241,5.991087921294049,344166.73370000004,2.8313284517648376
Indiana,18,2001-12-01,3144870,2980275,164595,5.233761649925116,170657.53569999998,2.8919264086848884
Iowa,19,2001-12-01,1622007,1560365,61642,3.800353512654384,63574.85079999999,2.212803026840522
Kansas,20,2001-12-01,1390028,1331823,58205,4.1873257229350775,73435.8533,2.866154079583562
Kentucky,21,2001-12-01,1952798,1842930,109868,5.626183558156041,80803.1878,1.9938340548182207
Louisiana,22,2001-12-01,2002969,1885604,117365,5.859551495804478,225926.8884,5.187060725836844
Maine,23,2001-12-01,668546,641784,26762,4.003015499307453,35126.0677,2.8126330110022058
Maryland,24,2001-12-01,2851777,2728966,122811,4.30647277118793,108942.7925,2.089319076615745
Massachusetts,25,2001-12-01,3397734,3253815,143919,4.235734757341216,111867.08979999999,1.826538755574515
Michigan,26,2001-12-01,5061112,4756458,304654,6.019507175498191,307976.36329999997,3.02984833780999
Minnesota,27,2001-12-01,2844065,2723043,121022,4.255247330845111,92190.8882,1.9138441837946494
Mississippi,28,2001-12-01,1294894,1210355,84539,6.528642498922692,128932.6741,4.569341972057871
Missouri,29,2001-12-01,2979980,2833038,146942,4.9309726910918865,110640.9239,2.017648425902368
Montana,30,2001-12-01,460081,438853,21228,4.613970148734679,26210.9136,2.963109801672801
Nebraska,31,2001-12-01,947324,916565,30759,3.2469355785349046,40148.183699999994,2.3639364091963895
Nevada,32,2001-12-01,1121315,1052936,68379,6.098108024952846,29483.535,1.5003426713508339
New Hampshire,33,2001-12-01,695488,668287,27201,3.9110667617557744,15415.768199999999,1.2610013206721198
New Jersey,34,2001-12-01,4332584,4117239,215345,4.9703594898564,174974.36359999998,2.08747477437454
New Mexico,35,2001-12-01,865855,824601,41254,4.764539097192948,67265.5344,3.7712264390969352
New York,36,2001-12-01,9188005,8644575,543430,5.914559254158003,680959.2833,3.7087135985924973
North Carolina,37,2001-12-01,4176376,3903412,272964,6.535905770936333,236542.8654,3.2013621346930785
North Dakota,38,2001-12-01,334496,323098,11398,3.4075145891131733,6925.5569,1.102070534936591
Ohio,39,2001-12-01,5829819,5534705,295114,5.062146869396803,304881.6859,2.728132563859477
Oklahoma,40,2001-12-01,1687187,1613117,74070,4.390147624418633,139911.8924,4.296425514288898
Oregon,41,2001-12-01,1821313,1682695,138618,7.610882917982796,127857.1029,3.707545133320273
Pennsylvania,42,2001-12-01,6182038,5870271,311767,5.043110378810353,316574.3792,2.676116956970917
Rhode Island,44,2001-12-01,544760,521399,23361,4.288310448637932,25175.403,2.6106260030602093
South Carolina,45,2001-12-01,1919095,1808579,110516,5.758756080339952,145232.2789,3.79841471794932
South Dakota,46,2001-12-01,411382,397064,14318,3.4804634135669525,18930.7458,2.6284516428299805
Tennessee,47,2001-12-01,2897265,2734262,163003,5.626099096906911,181999.412,3.1994271236637535
Texas,48,2001-12-01,10632619,10035821,596798,5.612897443235764,776499.9502000001,3.7722919283088765
Utah,49,2001-12-01,1169414,1113430,55984,4.78735503423082,90422.4455,4.04574790768819
Vermont,50,2001-12-01,338862,327472,11390,3.3612503024830165,17934.235800000002,2.9434871516720618
Virginia,51,2001-12-01,3665822,3522682,143140,3.9047176867834827,66955.3434,0.9827055141512429
Washington,53,2001-12-01,3044467,2822854,221613,7.279205194209693,176789.0699,3.120096400777487
West Virginia,54,2001-12-01,798547,760021,38526,4.824512520866023,46435.9387,2.6259907012718613
Wisconsin,55,2001-12-01,2999160,2855156,144004,4.801477747102522,118932.7433,2.2516117184129993
Wyoming,56,2001-12-01,267370,256858,10512,3.9316303250177658,14810.2016,3.096219929290796
United States,00,2002-12-01,144766070,136547908,8218162,5.676856462291198,10221730.2394,3.6654922760505495
Alabama,01,2002-12-01,2123087,2001747,121340,5.715262728281978,131595.5468,2.9307335277902595
Alaska,02,2002-12-01,325912,300809,25103,7.702385920125678,19246.2981,3.1872381515173864
Arizona,04,2002-12-01,2701986,2548049,153937,5.697179778133566,151654.3106,2.904232310603743
Arkansas,05,2002-12-01,1265120,1197258,67862,5.364076135070191,185318.79069999998,6.869788815416289
California,06,2002-12-01,17260482,16109678,1150804,6.667276151384416,1479685.8785,4.263600647403694
Colorado,08,2002-12-01,2448586,2311391,137195,5.603029666917968,97688.6801,2.3055557850889143
Connecticut,09,2002-12-01,1777067,1692721,84346,4.7463601541191185,117053.2386,3.486143422916707
Delaware,10,2002-12-01,413589,398846,14743,3.56464993024476,14473.3395,1.8008987901197073
Florida,12,2002-12-01,8127589,7700957,426632,5.249182752720395,668611.165,4.240226056000298
Georgia,13,2002-12-01,4382784,4166673,216111,4.930906930389451,275551.77390000003,3.390755182042335
Hawaii,15,2002-12-01,597971,578620,19351,3.2361101123633085,33140.8685,2.8222914678617825
Idaho,16,2002-12-01,685142,645978,39164,5.716187301318559,34387.7622,2.6579604775803514
Illinois,17,2002-12-01,6278939,5878357,400582,6.379772123920937,289577.5921,2.382713876539844
Indiana,18,2002-12-01,3157956,3005278,152678,4.834709539968258,97208.1898,1.6103024753432575
Iowa,19,2002-12-01,1619440,1552213,67227,4.151249814750778,74541.2448,2.6269421449070474
Kansas,20,2002-12-01,1416693,1352308,64385,4.5447390507329395,118898.7586,4.457176146785792
Kentucky,21,2002-12-01,1944931,1835757,109174,5.613258259547511,128477.8714,3.2081165564159786
Louisiana,22,2002-12-01,1995943,1877167,118776,5.950871342518298,187302.7104,4.465397680858748
Maine,23,2002-12-01,675187,644332,30855,4.569845094766339,18922.9001,1.4882909292006183
Maryland,24,2002-12-01,2861672,2742607,119065,4.160679490871071,149507.0635,2.7916203118043454
Massachusetts,25,2002-12-01,3424529,3244765,179764,5.249305816945921,155799.0108,2.532784844721611
Michigan,26,2002-12-01,4990767,4683931,306836,6.148073031660264,482145.42759999994,4.781508479091304
Minnesota,27,2002-12-01,2846546,2724681,121865,4.281153369733003,111855.3095,2.285700697640223
Mississippi,28,2002-12-01,1297415,1211771,85644,6.601126085331217,127948.0132,4.55837976275268
Missouri,29,2002-12-01,2995090,2840335,154755,5.166956585611785,234026.50660000002,4.21300638803251
Montana,30,2002-12-01,465215,443874,21341,4.587341336801264,30489.3701,3.4463221112464
Nebraska,31,2002-12-01,952594,919084,33510,3.5177630763998096,71093.1764,4.1336378529196605
Nevada,32,2002-12-01,1133782,1073654,60128,5.303312276963296,90517.3337,4.339375386149239
New Hampshire,33,2002-12-01,701240,671559,29681,4.232645028806115,30455.9561,2.4001054713274854
New Jersey,34,2002-12-01,4339939,4097715,242224,5.581276603196496,269595.5686,3.2201233392292026
New Mexico,35,2002-12-01,884854,838718,46136,5.213967501983378,117920.36559999999,6.4511099832025085
New York,36,2002-12-01,9277188,8697278,579910,6.250924310254358,683815.8887,3.741624649531711
North Carolina,37,2002-12-01,4143907,3874137,269770,6.510039921262711,294895.61819999997,3.988797765485173
North Dakota,38,2002-12-01,335359,322739,12620,3.763131450177273,6938.339099999999,1.1569361984652
Ohio,39,2002-12-01,5837059,5507381,329678,5.648015550296819,361462.3246,3.1982177985289013
Oklahoma,40,2002-12-01,1681262,1596724,84538,5.028246638537004,146033.4148,4.476095332196532
Oregon,41,2002-12-01,1826311,1692858,133453,7.307243946950985,115909.5467,3.3977749816708798
Pennsylvania,42,2002-12-01,6178514,5832437,346077,5.601298305709108,445885.00950000004,3.767903693637816
Rhode Island,44,2002-12-01,557309,530556,26753,4.8003890121996955,27108.3803,2.806166841510744
South Carolina,45,2002-12-01,1945046,1830126,114920,5.908343555885054,142927.2109,3.6885218153937176
South Dakota,46,2002-12-01,416451,402917,13534,3.249842118280422,14491.6535,1.9458681661602415
Tennessee,47,2002-12-01,2914159,2769707,144452,4.956901802544062,146562.6118,2.5998515356615974
Texas,48,2002-12-01,10829829,10155201,674628,6.229350435727102,1166567.9895,5.524788461579661
Utah,49,2002-12-01,1188155,1123596,64559,5.433550336446002,104292.1922,4.637019791417496
Vermont,50,2002-12-01,344125,330232,13893,4.03719578641482,15728.2692,2.5620849838605535
Virginia,51,2002-12-01,3718649,3568646,150003,4.033803674398955,143786.92979999998,2.083224922564228
Washington,53,2002-12-01,3092317,2864647,227670,7.362440525987472,201978.79090000002,3.406594973500657
West Virginia,54,2002-12-01,787296,742415,44881,5.7006513433321135,25240.3349,1.4012864624037937
Wisconsin,55,2002-12-01,3029303,2874725,154578,5.102757961154761,150508.8236,2.8296350869187523
Wyoming,56,2002-12-01,269905,257886,12019,4.453048294770382,18024.810700000002,3.7014446628416704
United States,00,2003-12-01,145533742,137652912,7880830,5.415122219560602,10539665.1131,3.682617592038361
Alabama,01,2003-12-01,2133537,2012259,121278,5.684363570915339,173573.4269,3.909924037830853
Alaska,02,2003-12-01,329858,303587,26271,7.964336168896919,17469.112699999998,2.7527805109122054
Arizona,04,2003-12-01,2763645,2627323,136322,4.932688532716757,153398.1067,2.8493293490830776
Arkansas,05,2003-12-01,1272841,1200949,71892,5.648152440092675,116128.24059999999,4.362626672811297
California,06,2003-12-01,17272484,16195161,1077323,6.237221004228459,1560154.1578000002,4.398015992414393
Colorado,08,2003-12-01,2499028,2357507,141521,5.6630417906482045,95827.9392,2.1520709213773728
Connecticut,09,2003-12-01,1767101,1685448,81653,4.620731921944473,74707.1967,2.181257081330446
Delaware,10,2003-12-01,418265,403544,14721,3.5195390482110622,20842.4534,2.6270155963236514
Florida,12,2003-12-01,8258053,7889359,368694,4.464660132358075,788223.9229,4.854175177538682
Georgia,13,2003-12-01,4412264,4237296,174968,3.9654925453236705,407329.116,4.822943632424549
Hawaii,15,2003-12-01,604513,582751,21762,3.599922582310058,28145.0068,2.3191965289909646
Idaho,16,2003-12-01,689813,651648,38165,5.532658851021943,48928.1434,3.682604467651475
Illinois,17,2003-12-01,6289368,5901802,387566,6.162240784765656,398212.86179999996,3.1294364710230367
Indiana,18,2003-12-01,3156450,2998145,158305,5.015286160084906,213879.1468,3.4839683168725473
Iowa,19,2003-12-01,1595247,1523248,71999,4.5133449553580105,98037.0825,3.367392370263273
Kansas,20,2003-12-01,1444708,1368885,75823,5.2483269975662905,116602.15400000001,4.319881240546401
Kentucky,21,2003-12-01,1960695,1856703,103992,5.303833589620007,169626.6625,4.234166092879236
Louisiana,22,2003-12-01,2007591,1898394,109197,5.439205495541672,105855.5888,2.3886430630289066
Maine,23,2003-12-01,680867,648423,32444,4.765100966855495,30395.5884,2.4015768098379358
Maryland,24,2003-12-01,2873413,2756498,116915,4.068854703448477,226053.3113,4.173595252491401
Massachusetts,25,2003-12-01,3408972,3231306,177666,5.211717784716331,147363.32520000002,2.29213836512501
Michigan,26,2003-12-01,5019350,4699058,320292,6.381144968970085,450338.4719,4.498348255789129
Minnesota,27,2003-12-01,2862736,2726595,136141,4.755625387740959,101887.5632,2.0272315507930543
Mississippi,28,2003-12-01,1316673,1243095,73578,5.58817565181332,100097.75839999999,3.5464369446624753
Missouri,29,2003-12-01,3004333,2851109,153224,5.100100421624367,144030.7286,2.5827968003375843
Montana,30,2003-12-01,469562,446176,23386,4.980385976718729,15600.4372,1.7423997850273096
Nebraska,31,2003-12-01,960670,925803,34867,3.629446115731729,62930.5967,3.651724238748338
Nevada,32,2003-12-01,1155952,1103409,52543,4.545430952150262,84710.2429,3.990952638358542
New Hampshire,33,2003-12-01,707733,680466,27267,3.852724120536982,31266.217699999997,2.4856614333463196
New Jersey,34,2003-12-01,4347648,4131530,216118,4.970917608785256,253691.93689999997,2.9405786609374287
New Mexico,35,2003-12-01,899731,850980,48751,5.418397276519316,64903.9997,3.5060907863279196
New York,36,2003-12-01,9219287,8654526,564761,6.1258641801692475,790212.3404,4.093122622823691
North Carolina,37,2003-12-01,4235293,3999124,236169,5.576213971500909,292373.5208,3.5784254967157683
North Dakota,38,2003-12-01,343683,331524,12159,3.537853196113861,16403.2336,2.6067208241409174
Ohio,39,2003-12-01,5830636,5499088,331548,5.6863093494431824,439194.28170000005,3.883746300326774
Oklahoma,40,2003-12-01,1678754,1593686,85068,5.0673296980975175,137590.5085,4.011180015359024
Oregon,41,2003-12-01,1828065,1693204,134861,7.377254091074442,212657.7799,6.102408598605954
Pennsylvania,42,2003-12-01,6157457,5850662,306795,4.9824952086551315,278517.9254,2.3039725405558498
Rhode Island,44,2003-12-01,559138,532255,26883,4.807936502258834,34482.245500000005,3.2827521258123684
South Carolina,45,2003-12-01,1990188,1856377,133811,6.723535665977285,167063.4425,4.172035500200583
South Dakota,46,2003-12-01,421541,406141,15400,3.653262671958362,15619.804100000001,2.0974603552817497
Tennessee,47,2003-12-01,2895881,2745448,150433,5.194723125708549,96499.4801,1.696158396560449
Texas,48,2003-12-01,10936781,10299023,637758,5.831313619610743,1040154.723,4.820149196850521
Utah,49,2003-12-01,1210608,1151271,59337,4.901421434518853,89099.5394,3.7752848072844976
Vermont,50,2003-12-01,347241,333892,13349,3.8443041000342704,12191.7649,2.004060025450334
Virginia,51,2003-12-01,3746293,3610240,136053,3.6316700268772357,163765.1353,2.319402598417957
Washington,53,2003-12-01,3160057,2939410,220647,6.982374052113617,170695.02920000002,2.8325602405730006
West Virginia,54,2003-12-01,777284,737100,40184,5.169796367865542,53700.5642,3.0474256913470734
Wisconsin,55,2003-12-01,3036110,2886534,149576,4.926567219237775,187277.5255,3.46378289418091
Wyoming,56,2003-12-01,272845,261414,11431,4.189558174054866,14616.127,2.977742644866914
United States,00,2004-12-01,147161088,139587627,7573461,5.146374699268328,10693329.112300001,3.7074007029525236
Alabama,01,2004-12-01,2147095,2041339,105756,4.925538925850975,95861.6788,2.1542361250193274
Alaska,02,2004-12-01,337401,312738,24663,7.309699734144238,16866.8939,2.6528820275263567
Arizona,04,2004-12-01,2825610,2701847,123763,4.380045370734107,276772.562,4.867882954439372
Arkansas,05,2004-12-01,1312722,1242020,70702,5.3859080597415145,97616.6674,3.619118157288618
California,06,2004-12-01,17437874,16449459,988415,5.668208177212429,1517964.5050000001,4.284783384938105
Colorado,08,2004-12-01,2540909,2407603,133306,5.24639016981718,159777.8644,3.5276763926530164
Connecticut,09,2004-12-01,1767394,1693366,74028,4.188539737036564,50307.406299999995,1.4626327733772055
Delaware,10,2004-12-01,421705,406331,15374,3.645676480003794,25321.6289,3.0984117453994786
Florida,12,2004-12-01,8553144,8194972,358172,4.187606335167513,596219.8214,3.4886733030917867
Georgia,13,2004-12-01,4522059,4289380,232679,5.145421587820946,284922.41709999996,3.2903241998219084
Hawaii,15,2004-12-01,616033,599044,16989,2.7578068058042344,40068.6921,3.2307943755196247
Idaho,16,2004-12-01,713227,679554,33673,4.721217789006866,35534.075300000004,2.5868492499018765
Illinois,17,2004-12-01,6356559,5988239,368320,5.794329919693973,509719.0769,4.0797217202060745
Indiana,18,2004-12-01,3160273,2986940,173333,5.4847476784442355,226388.7451,3.6789834314048493
Iowa,19,2004-12-01,1605459,1532254,73205,4.559755185277233,82048.301,2.8260293379343073
Kansas,20,2004-12-01,1464216,1392969,71247,4.865880443868938,121982.5765,4.553009859345722
Kentucky,21,2004-12-01,1969432,1874377,95055,4.8265185088898725,101263.3527,2.502232367345081
Louisiana,22,2004-12-01,2042928,1931032,111896,5.477236593751713,180824.4392,4.100721334420571
Maine,23,2004-12-01,685682,653789,31893,4.65128149783719,29282.2013,2.2492089275226985
Maryland,24,2004-12-01,2892183,2775769,116414,4.025125657677955,164473.8082,3.0228603788672976
Massachusetts,25,2004-12-01,3374592,3221396,153196,4.539689538764983,168514.8309,2.65985828605493
Michigan,26,2004-12-01,5070170,4716710,353460,6.971363879317656,409273.73360000004,4.11183838867748
Minnesota,27,2004-12-01,2867635,2746650,120985,4.218981843923651,117569.653,2.339512259353305
Mississippi,28,2004-12-01,1324575,1236450,88125,6.653077402185606,191779.8573,6.795582752493434
Missouri,29,2004-12-01,3000664,2829173,171491,5.7151017241517215,146367.0357,2.6030341294001493
Montana,30,2004-12-01,477663,455847,21816,4.567236733847922,50312.2955,5.555869095266458
Nebraska,31,2004-12-01,967337,931216,36121,3.734065790929118,68128.9357,3.9640762398273264
Nevada,32,2004-12-01,1192988,1144718,48270,4.04614296204153,49472.827900000004,2.138247144336056
New Hampshire,33,2004-12-01,716825,692842,23983,3.3457259442681266,11792.788199999999,0.9278867031312569
New Jersey,34,2004-12-01,4339279,4168560,170719,3.9342711081725787,227101.5355,2.650704830924643
New Mexico,35,2004-12-01,914329,868824,45505,4.976873751133345,93837.31850000001,5.0035360334146075
New York,36,2004-12-01,9397416,8906169,491247,5.227468912730904,741757.0241,3.922319144241496
North Carolina,37,2004-12-01,4253048,4030290,222758,5.237608416363982,367193.1557,4.428339312362698
North Dakota,38,2004-12-01,349730,337271,12459,3.562462471049095,11136.9582,1.803659034805793
Ohio,39,2004-12-01,5858307,5506061,352246,6.012761024644151,400723.7938,3.5719800485997055
Oklahoma,40,2004-12-01,1690280,1614308,75972,4.494639941311498,160475.2509,4.652502106782226
Oregon,41,2004-12-01,1825227,1707922,117305,6.426871835667564,160870.07679999998,4.533746336814642
Pennsylvania,42,2004-12-01,6224912,5918716,306196,4.918880780965257,299051.3661,2.4600359070518114
Rhode Island,44,2004-12-01,559895,534616,25279,4.51495369667527,41971.7806,3.94578713365002
South Carolina,45,2004-12-01,2034427,1895432,138995,6.832144874207824,208691.7975,5.092387438025933
South Dakota,46,2004-12-01,425023,408570,16453,3.871084623655661,29532.0294,3.9270290078932057
Tennessee,47,2004-12-01,2877494,2716576,160918,5.592296630331809,199669.1248,3.4381407911415613
Texas,48,2004-12-01,11053592,10441331,612261,5.539022970994406,1222912.1987,5.543649379451954
Utah,49,2004-12-01,1244296,1192890,51406,4.131332094614144,113611.1295,4.793431707575216
Vermont,50,2004-12-01,346851,335438,11413,3.290461898625058,12870.9928,2.1007371602784395
Virginia,51,2004-12-01,3807804,3674204,133600,3.508583950224329,201680.1631,2.7836355963585886
Washington,53,2004-12-01,3226695,3036314,190381,5.900185793823091,173873.75290000002,2.8513841477402284
West Virginia,54,2004-12-01,775744,738957,36787,4.742157206501114,49519.736999999994,2.77706295147863
Wisconsin,55,2004-12-01,3003970,2873216,130754,4.352706584952579,117309.3425,2.160425546729959
Wyoming,56,2004-12-01,273070,262956,10114,3.7038122093236168,10117.6495,2.04610191937379
United States,00,2005-12-01,149140225,142169688,6970537,4.673814190638374,10195140.352500001,3.5001269612344204
Alabama,01,2005-12-01,2163518,2079724,83794,3.8730438110521845,145350.1985,3.233664140251551
Alaska,02,2005-12-01,343111,318779,24332,7.091582607377787,22200.063599999998,3.4444436790664263
Arizona,04,2005-12-01,2929754,2808118,121636,4.151747894191799,221792.8279,3.7722507395907017
Arkansas,05,2005-12-01,1353586,1286789,66797,4.934817588243377,165940.38129999998,6.064825410404102
California,06,2005-12-01,17551112,16684971,866141,4.934963664980316,1362211.533,3.8059272370107706
Colorado,08,2005-12-01,2585186,2464903,120283,4.65277933580021,162666.8388,3.5444846178358485
Connecticut,09,2005-12-01,1799735,1727852,71883,3.9940880185138368,122613.8382,3.546571575785652
Delaware,10,2005-12-01,441083,424249,16834,3.8165152590328804,32938.0114,3.9755147525238197
Florida,12,2005-12-01,8810015,8544323,265692,3.015795092289854,494081.5133,2.819236964358437
Georgia,13,2005-12-01,4651563,4425505,226058,4.859828836027804,301464.9268,3.411952225548738
Hawaii,15,2005-12-01,633213,618484,14729,2.326073532918623,33317.8885,2.7251698819461447
Idaho,16,2005-12-01,735269,708567,26702,3.63159605532125,42231.1884,3.0311033305095885
Illinois,17,2005-12-01,6432180,6103111,329069,5.115979341374153,388793.49649999995,3.095718784074304
Indiana,18,2005-12-01,3212615,3046547,166068,5.169246859645491,232549.0802,3.764762155852054
Iowa,19,2005-12-01,1640329,1568094,72235,4.403689747605511,75954.2724,2.6063941808057245
Kansas,20,2005-12-01,1460592,1397065,63527,4.349400790912178,113637.1992,4.2533471884445015
Kentucky,21,2005-12-01,2011891,1896817,115074,5.71969356192756,204564.655,5.000390979094859
Louisiana,22,2005-12-01,2004690,1871239,133451,6.656939476926607,240875.5313,5.874211951997725
Maine,23,2005-12-01,696751,665437,31314,4.494288490436325,53970.182700000005,4.120942101976911
Maryland,24,2005-12-01,2928757,2825203,103554,3.5357661970590253,170895.6893,3.0963259264656116
Massachusetts,25,2005-12-01,3383404,3227279,156125,4.614435639373838,153899.048,2.4416700189750036
Michigan,26,2005-12-01,5076002,4750044,325958,6.4215498733058025,472808.6032,4.729115464482866
Minnesota,27,2005-12-01,2879710,2764735,114975,3.9925895315847777,152663.3034,3.0257814933355918
Mississippi,28,2005-12-01,1303364,1200318,103046,7.9061566837813535,150907.2197,5.353762990365495
Missouri,29,2005-12-01,2992538,2853540,138998,4.644819881986461,263514.5638,4.6432371683607325
Montana,30,2005-12-01,484232,464238,19994,4.129012539443903,23377.517200000002,2.5341263273180124
Nebraska,31,2005-12-01,967971,933401,34570,3.571387985797095,51166.2889,2.954578163463316
Nevada,32,2005-12-01,1243843,1197384,46459,3.7351176957220487,49191.6065,2.036898047228838
New Hampshire,33,2005-12-01,725819,702830,22989,3.167318573914433,23563.538500000002,1.8143710161906308
New Jersey,34,2005-12-01,4425434,4222216,203218,4.592046791342951,172324.6304,1.9927348214222638
New Mexico,35,2005-12-01,925852,887365,38487,4.1569278891226675,88832.5937,4.633101165854218
New York,36,2005-12-01,9472981,9028067,444914,4.696663067306901,540882.0066,2.8668641145791813
North Carolina,37,2005-12-01,4322127,4128448,193679,4.481103863907747,242340.67109999998,2.8614225703379295
North Dakota,38,2005-12-01,352616,340923,11693,3.316071874220115,11294.2899,1.8296572006279577
Ohio,39,2005-12-01,5887960,5571664,316296,5.371911493963953,449358.9116,3.9837874821006927
Oklahoma,40,2005-12-01,1709946,1640087,69859,4.085450651658006,162603.5344,4.7290639341011635
Oregon,41,2005-12-01,1844936,1744695,100241,5.433305003533998,122952.1255,3.4448587420392185
Pennsylvania,42,2005-12-01,6238468,5964007,274461,4.399493593619459,385695.30090000003,3.1590437625163195
Rhode Island,44,2005-12-01,570261,543381,26880,4.713631126799834,52491.7686,4.980017661251502
South Carolina,45,2005-12-01,2068870,1930038,138832,6.710523135818104,230707.0049,5.534088033946663
South Dakota,46,2005-12-01,428280,413159,15121,3.5306341645652375,28248.7967,3.7072367017975587
Tennessee,47,2005-12-01,2955578,2804750,150828,5.10316425416619,248431.3232,4.232048201617366
Texas,48,2005-12-01,11246430,10683767,562663,5.003036519144297,825342.7892,3.653254883862577
Utah,49,2005-12-01,1291647,1248674,42973,3.326992591629137,83359.1721,3.464897470862031
Vermont,50,2005-12-01,354899,343396,11503,3.2412038354574118,18553.6222,3.013404941798949
Virginia,51,2005-12-01,3909434,3788763,120671,3.086661649742648,210500.4937,2.854594673915276
Washington,53,2005-12-01,3284711,3115776,168935,5.1430704253738,186204.51539999997,3.0124181120231617
West Virginia,54,2005-12-01,790906,756721,34185,4.322258270894392,42665.8106,2.3899767167928743
Wisconsin,55,2005-12-01,3028064,2892353,135711,4.4817744935377855,114901.0126,2.1000505363678927
Wyoming,56,2005-12-01,276753,266945,9808,3.543954356411674,18554.0025,3.694579335633856
United States,00,2006-12-01,151853503,145391052,6462451,4.255714140489732,11082181.4256,3.773743323010775
Alabama,01,2006-12-01,2189793,2107748,82045,3.746701172211255,216371.9699,4.775197201957957
Alaska,02,2006-12-01,346777,323949,22828,6.582904863932729,17972.4849,2.780586590750264
Arizona,04,2006-12-01,3042227,2932134,110093,3.6188292326640976,294187.8565,4.8237007777942305
Arkansas,05,2006-12-01,1360582,1292406,68176,5.010796850171471,99971.0844,3.64353532283861
California,06,2006-12-01,17809241,16973698,835543,4.6916261057953,1336836.3536,3.7352587206415997
Colorado,08,2006-12-01,2643988,2546864,97124,3.6733903482164063,223046.1708,4.793163556545039
Connecticut,09,2006-12-01,1837579,1769225,68354,3.7197856527528885,125879.0006,3.6446776496576905
Delaware,10,2006-12-01,443210,430229,12981,2.9288599083955686,31390.1921,3.723525583000022
Florida,12,2006-12-01,9138448,8847790,290658,3.1806057221094872,683506.42,3.8014000305790425
Georgia,13,2006-12-01,4804054,4596835,207219,4.313419457816253,329775.6853,3.6321549196537157
Hawaii,15,2006-12-01,640724,628365,12359,1.9289116686748116,27136.112,2.1607922533501847
Idaho,16,2006-12-01,747906,722567,25339,3.387992608696815,45625.971,3.1595821632821464
Illinois,17,2006-12-01,6628481,6347110,281371,4.244879030354014,310902.9525,2.470787676790361
Indiana,18,2006-12-01,3234429,3085079,149350,4.617507448764527,207279.38410000002,3.3217322105475446
Iowa,19,2006-12-01,1659056,1596756,62300,3.755147505569432,78978.8387,2.6921616389622347
Kansas,20,2006-12-01,1473128,1416046,57082,3.8748839204739847,120967.1392,4.48004607860768
Kentucky,21,2006-12-01,2044249,1942152,102097,4.994352449236859,214791.98200000002,5.1999446900939
Louisiana,22,2006-12-01,2005019,1927526,77493,3.8649509057021403,253198.5894,6.27509932896682
Maine,23,2006-12-01,701553,670998,30555,4.3553373729426,50022.9741,3.8305364782684626
Maryland,24,2006-12-01,2968941,2865928,103013,3.4696883501558298,209671.8694,3.786708717735097
Massachusetts,25,2006-12-01,3432858,3275768,157090,4.576070434605801,93652.1056,1.5001501760488982
Michigan,26,2006-12-01,5069957,4732473,337484,6.656545607783261,308907.5549,3.100124983060358
Minnesota,27,2006-12-01,2891178,2769498,121680,4.2086651185087876,172064.9958,3.3631587597792136
Mississippi,28,2006-12-01,1309369,1226744,82625,6.310291445726911,167861.525,5.928196925854636
Missouri,29,2006-12-01,3049562,2908055,141507,4.640240139403626,253111.0244,4.423133040280739
Montana,30,2006-12-01,490044,474785,15259,3.1138020259405277,15093.6723,1.6176287523334114
Nebraska,31,2006-12-01,968498,940704,27794,2.869804584005336,58249.3484,3.3513775280384337
Nevada,32,2006-12-01,1308795,1256645,52150,3.984581236939322,110376.9678,4.412254299890774
New Hampshire,33,2006-12-01,733410,708649,24761,3.376147039173177,15682.8194,1.2028674598720117
New Jersey,34,2006-12-01,4460383,4286101,174282,3.9073326214363204,198117.3027,2.3008610557402625
New Mexico,35,2006-12-01,935202,903079,32123,3.4348728937705437,58679.522300000004,3.0278957516486282
New York,36,2006-12-01,9507821,9127709,380112,3.997887633770135,636740.6673999999,3.393011280470618
North Carolina,37,2006-12-01,4500569,4300107,200462,4.454147908853303,427523.1812,4.967110142621523
North Dakota,38,2006-12-01,360678,349367,11311,3.1360382390941504,8844.595099999999,1.4213735206788474
Ohio,39,2006-12-01,5989425,5678785,310640,5.186474494630119,500024.03630000004,4.439053581000653
Oklahoma,40,2006-12-01,1725123,1656800,68323,3.960471224370668,138108.4431,3.960918250010412
Oregon,41,2006-12-01,1904960,1810534,94426,4.956849487653284,115225.1932,3.163431749871914
Pennsylvania,42,2006-12-01,6319377,6066535,252842,4.001058965147989,414754.72809999995,3.3953678618499263
Rhode Island,44,2006-12-01,575432,550601,24831,4.315192759526756,29304.5145,2.7924124017539893
South Carolina,45,2006-12-01,2115831,1988319,127512,6.026568284517998,146424.489,3.46084654020791
South Dakota,46,2006-12-01,435765,422333,13432,3.082395327756933,26880.0532,3.5168258444572285
Tennessee,47,2006-12-01,3090725,2955736,134989,4.367551302687881,287335.61490000004,4.808576441662962
Texas,48,2006-12-01,11423054,10956317,466737,4.0859213306704145,1230990.7817000002,5.3472010480440195
Utah,49,2006-12-01,1338499,1310095,28404,2.122078537227148,118955.2298,4.759446040093977
Vermont,50,2006-12-01,356219,343589,12630,3.5455716848343295,27102.1361,4.3772149464308026
Virginia,51,2006-12-01,4004916,3894204,110712,2.764402549266951,255278.5704,3.4297160069099895
Washington,53,2006-12-01,3358417,3193816,164601,4.901148368412857,127714.5729,2.0401026503830524
West Virginia,54,2006-12-01,801726,768344,33382,4.163766673402135,67590.4453,3.797660762967715
Wisconsin,55,2006-12-01,3077236,2938537,138699,4.507259111748335,154429.6595,2.8104369702607137
Wyoming,56,2006-12-01,281986,273821,8165,2.895533820827984,10279.793300000001,2.0290937389117447
United States,00,2007-12-01,152730365,145407588,7322777,4.794578340724845,11761439.4672,3.9612376344361326
Alabama,01,2007-12-01,2189983,2096601,93382,4.264051364782284,172762.11920000002,3.81247704431233
Alaska,02,2007-12-01,348689,325873,22816,6.543366725075927,17666.4319,2.691891396202812
Arizona,04,2007-12-01,3057653,2928811,128842,4.213754798206336,395830.86380000005,6.170196646866669
Arkansas,05,2007-12-01,1363190,1292977,70213,5.150639309267233,100704.1723,3.720556522336739
California,06,2007-12-01,18013783,16957504,1056279,5.863726680842109,1712389.6114,4.76976462305605
Colorado,08,2007-12-01,2688236,2581945,106291,3.953931128070601,175387.9161,3.6737865302025488
Connecticut,09,2007-12-01,1860693,1778862,81831,4.39787756497176,93783.9912,2.759887784782571
Delaware,10,2007-12-01,446993,431829,15164,3.392446861583962,44890.1109,5.191728032505243
Florida,12,2007-12-01,9168288,8741662,426626,4.653278780073227,575712.0935,3.197419657159143
Georgia,13,2007-12-01,4894080,4647716,246364,5.0339185301425395,574154.789,5.971587126796253
Hawaii,15,2007-12-01,637563,619071,18492,2.9004192526856167,30292.7161,2.388945577714183
Idaho,16,2007-12-01,749996,722392,27604,3.6805529629491356,69718.1016,4.792521771419478
Illinois,17,2007-12-01,6716593,6351796,364797,5.4312804125544005,595814.7463,4.674166667272405
Indiana,18,2007-12-01,3202776,3053535,149241,4.659738926481277,136415.4975,2.1792160609517692
Iowa,19,2007-12-01,1664936,1601396,63540,3.816362911247039,110746.5452,3.754967390343128
Kansas,20,2007-12-01,1487782,1426329,61453,4.130511056055256,102586.9669,3.7951014115438753
Kentucky,21,2007-12-01,2024954,1918367,106587,5.26367512545964,131357.8688,3.225941170843458
Louisiana,22,2007-12-01,2053488,1969612,83876,4.084562461528872,203211.04330000002,4.900416918909124
Maine,23,2007-12-01,698438,665617,32821,4.699200215337654,57471.2452,4.326104246284602
Maryland,24,2007-12-01,2967606,2874510,93096,3.137074126417051,150650.6138,2.7215781651570214
Massachusetts,25,2007-12-01,3423771,3272497,151274,4.4183445680216344,218066.8237,3.4496884568162067
Michigan,26,2007-12-01,4977778,4623106,354672,7.125106824772017,361235.3602,3.7280850001573085
Minnesota,27,2007-12-01,2902776,2764288,138488,4.770881390779033,150727.3894,2.9561633756252186
Mississippi,28,2007-12-01,1330529,1248942,81587,6.131921964872618,109452.39970000001,3.7493227423442845
Missouri,29,2007-12-01,3020028,2858250,161778,5.356837751173168,240653.9521,4.129747453442313
Montana,30,2007-12-01,501862,480558,21304,4.244991651091336,26873.272699999998,2.8088851115628364
Nebraska,31,2007-12-01,976175,950688,25487,2.6109048070274286,46109.3775,2.643646011207043
Nevada,32,2007-12-01,1345718,1279987,65731,4.884455732924729,69471.7257,2.7625337781311705
New Hampshire,33,2007-12-01,736509,712956,23553,3.197924261617984,24032.6185,1.832749638542601
New Jersey,34,2007-12-01,4468882,4277012,191870,4.293467583167334,195304.948,2.2554149217590047
New Mexico,35,2007-12-01,943459,910391,33068,3.5049747789782066,101252.93299999999,4.985068156188838
New York,36,2007-12-01,9550419,9093206,457213,4.787360638313356,768568.2701,4.0278603519854315
North Carolina,37,2007-12-01,4510327,4291281,219046,4.8565436608033075,312733.9709,3.484833650214177
North Dakota,38,2007-12-01,363986,352384,11602,3.18748523294852,11122.9253,1.7515790432071767
Ohio,39,2007-12-01,5977480,5641971,335509,5.612883690116905,303794.7362,2.709395155890929
Oklahoma,40,2007-12-01,1721861,1660322,61539,3.573981871939721,140989.47,4.026739048746902
Oregon,41,2007-12-01,1928900,1829145,99755,5.171600394006947,183656.2874,5.006259486896425
Pennsylvania,42,2007-12-01,6376881,6094387,282494,4.429971329243873,486376.6838,4.080472791861587
Rhode Island,44,2007-12-01,572226,540170,32056,5.601982433514031,41374.772999999994,3.952851707112548
South Carolina,45,2007-12-01,2114475,1992861,121614,5.751498598943,126702.0822,2.8534445641423343
South Dakota,46,2007-12-01,439925,428122,11803,2.6829573222708416,17334.250500000002,2.2735143363511887
Tennessee,47,2007-12-01,3060951,2896953,163998,5.3577466610867015,236783.6252,3.909298933345992
Texas,48,2007-12-01,11533207,11049555,483652,4.193560386109431,1317315.1301,5.5544696571692596
Utah,49,2007-12-01,1369729,1334506,35223,2.5715305728359406,67234.5404,2.5577825922664266
Vermont,50,2007-12-01,351668,337975,13693,3.893729312874643,22206.949399999998,3.5117494214013956
Virginia,51,2007-12-01,4056745,3923959,132786,3.273215348758672,204919.9159,2.7004092247506333
Washington,53,2007-12-01,3439909,3274759,165150,4.800999096197022,273134.9084,4.293990779151618
West Virginia,54,2007-12-01,807619,772784,34835,4.31329624488775,77404.47469999999,4.440720629206953
Wisconsin,55,2007-12-01,3078715,2941175,137540,4.467448269813867,144720.7605,2.654796044783163
Wyoming,56,2007-12-01,287174,279864,7310,2.545495065709291,9876.5627,1.8938719606118706
United States,00,2008-12-01,153734354,142783056,10951298,7.123520355118544,16054367.6358,5.361952659219555
Alabama,01,2008-12-01,2173131,2008873,164258,7.558587126132755,262697.8311,5.727537865674729
Alaska,02,2008-12-01,353273,328635,24638,6.974209747136068,26792.6344,4.013249872903969
Arizona,04,2008-12-01,3136040,2891026,245014,7.812846774913585,471025.8488,7.324793506717538
Arkansas,05,2008-12-01,1363556,1272911,90645,6.647691770635016,148183.5825,5.273518721703079
California,06,2008-12-01,18271924,16629680,1642244,8.987800080604538,2269925.3388,6.258014946535723
Colorado,08,2008-12-01,2717966,2564627,153339,5.641682051946198,258649.1894,5.277787995114005
Connecticut,09,2008-12-01,1877485,1762996,114489,6.097998119825192,161445.5845,4.700692583264925
Delaware,10,2008-12-01,445831,417562,28269,6.3407434655732775,36359.7295,4.2065633486406275
Florida,12,2008-12-01,9163693,8423215,740478,8.080563152868608,1330896.905,7.372309750867766
Georgia,13,2008-12-01,4787974,4398925,389049,8.125545376812823,425712.9633,4.4413168883327465
Hawaii,15,2008-12-01,632747,597234,35513,5.612511793813325,75467.6532,6.034226336556802
Idaho,16,2008-12-01,750617,698168,52449,6.987451656437305,47230.8034,3.104332420442453
Illinois,17,2008-12-01,6586299,6088252,498047,7.561864409739066,675186.0279,5.29226668927719
Indiana,18,2008-12-01,3223460,2961505,261955,8.126516227904178,296067.6804,4.692051962329987
Iowa,19,2008-12-01,1682045,1592024,90021,5.351878219667132,118581.39989999999,4.0234389153695025
Kansas,20,2008-12-01,1508665,1432702,75963,5.03511382579963,144789.7501,5.285285986999136
Kentucky,21,2008-12-01,2043155,1881338,161817,7.919957125132455,199964.9786,4.7602616857816535
Louisiana,22,2008-12-01,2087369,1972218,115151,5.516561757887561,224069.14630000002,5.307350263291127
Maine,23,2008-12-01,695457,648191,47266,6.7963943133795475,59418.4744,4.565344844750127
Maryland,24,2008-12-01,3013673,2850816,162857,5.403937321666949,226367.67250000002,4.080387171223221
Massachusetts,25,2008-12-01,3465451,3237757,227694,6.570400216306622,239554.50420000002,3.769872174376453
Michigan,26,2008-12-01,4859689,4412014,447675,9.212009245859148,436799.5327,4.4230706883547075
Minnesota,27,2008-12-01,2932846,2740736,192110,6.550292787278978,148292.5763,2.8693533504964903
Mississippi,28,2008-12-01,1296224,1197269,98955,7.634097193077739,186173.91389999999,6.469919650659224
Missouri,29,2008-12-01,3026512,2803968,222544,7.353151086134798,313716.5133,5.415690053475513
Montana,30,2008-12-01,503093,471785,31308,6.223103879402019,45054.1758,4.713308595998528
Nebraska,31,2008-12-01,987857,951021,36836,3.7288797872566577,75380.1666,4.295710283188196
Nevada,32,2008-12-01,1361525,1239385,122140,8.970823157856081,102207.36839999999,3.896454128231276
New Hampshire,33,2008-12-01,740473,707234,33239,4.488887508389907,46618.716700000004,3.574697572220262
New Jersey,34,2008-12-01,4523486,4226289,297197,6.570087759749892,428767.56519999995,4.981709039189954
New Mexico,35,2008-12-01,949075,900148,48927,5.155230092458447,78954.4858,4.018392999614197
New York,36,2008-12-01,9673860,9043764,630096,6.513387623968096,824454.0138,4.35281987118073
North Carolina,37,2008-12-01,4590845,4190259,400586,8.725757458594224,397321.8621,4.360384593577831
North Dakota,38,2008-12-01,364233,351501,12732,3.495564652296744,11668.733199999999,1.8619730702232116
Ohio,39,2008-12-01,5918450,5461177,457273,7.726228995767473,683598.4153,6.054973209453614
Oklahoma,40,2008-12-01,1756954,1678386,78568,4.4718302243541945,133237.6673,3.7178557779690395
Oregon,41,2008-12-01,1967360,1788363,178997,9.098334824333117,271674.5835,7.230006830243631
Pennsylvania,42,2008-12-01,6462934,6058326,404608,6.260438370560491,736379.5317,6.020812788661546
Rhode Island,44,2008-12-01,570336,517596,52740,9.24718060932503,44419.092899999996,4.307803769396584
South Carolina,45,2008-12-01,2142475,1947636,194839,9.094108449340132,282062.91339999996,6.430005452632074
South Dakota,46,2008-12-01,444659,427155,17504,3.9364996547916493,33731.9321,4.274477627480799
Tennessee,47,2008-12-01,3053581,2805596,247985,8.121120743153694,399033.9154,6.474238306310609
Texas,48,2008-12-01,11752229,11110725,641504,5.458573007724747,1480987.4338999998,6.1576260418269415
Utah,49,2008-12-01,1376289,1305754,70535,5.125013714416085,103049.28030000001,3.8200600319097724
Vermont,50,2008-12-01,357816,338675,19141,5.349397455675542,31700.7942,5.1648076630442326
Virginia,51,2008-12-01,4120692,3920357,200335,4.861683425987674,301005.2016,3.979871887350901
Washington,53,2008-12-01,3501430,3270034,231396,6.60861419477185,363515.8081,5.634147023636011
West Virginia,54,2008-12-01,803663,765840,37823,4.706325910238496,61217.590299999996,3.447264733802934
Wisconsin,55,2008-12-01,3090917,2904734,186183,6.023552233851637,306943.0752,5.518954940640626
Wyoming,56,2008-12-01,294792,283829,10963,3.7188933213927107,8910.865099999999,1.6861469581522748
United States,00,2009-12-01,152353668,137649990,14703678,9.651016738238294,15920004.5031,5.277542203486327
Alabama,01,2009-12-01,2137965,1894973,242992,11.365574272731312,295445.8616,6.414508700803312
Alaska,02,2009-12-01,355967,327488,28479,8.000460716864204,36675.9873,5.601116855268475
Arizona,04,2009-12-01,3098866,2771215,327651,10.573254861617121,453570.1901,6.967738299210923
Arkansas,05,2009-12-01,1335959,1227866,108093,8.09104171610057,161598.849,5.709714159914093
California,06,2009-12-01,18074801,15940443,2134358,11.808473022745867,2359067.7912,6.44732659091958
Colorado,08,2009-12-01,2693828,2477274,216554,8.03889483664139,212187.21300000002,4.263104044836706
Connecticut,09,2009-12-01,1881240,1725098,156142,8.299951096085561,187500.5436,5.4735289986622275
Delaware,10,2009-12-01,429847,393690,36157,8.411597614965325,45536.4499,5.216428877329747
Florida,12,2009-12-01,8977512,7981429,996083,11.095312376079253,967347.5784,5.342278466923547
Georgia,13,2009-12-01,4782579,4285416,497163,10.395290908942643,468733.8322,4.850816659154619
Hawaii,15,2009-12-01,629473,586435,43038,6.837147899909924,55402.31450000001,4.444920701277312
Idaho,16,2009-12-01,756874,684185,72689,9.603844232989903,51792.534199999995,3.389327301944162
Illinois,17,2009-12-01,6557067,5836511,720556,10.988998587325705,555821.8708,4.3450317914501255
Indiana,18,2009-12-01,3129947,2795775,334172,10.676602511160732,428731.3899,6.767977338926972
Iowa,19,2009-12-01,1669581,1560574,109007,6.529003384681546,100198.7726,3.3732128387147964
Kansas,20,2009-12-01,1502506,1400177,102329,6.810555165836276,105060.7679,3.785389630204361
Kentucky,21,2009-12-01,2042030,1836616,205414,10.059303732070537,170391.15889999998,4.047069548275858
Louisiana,22,2009-12-01,2040949,1897628,143321,7.022272482065941,143033.0598,3.2729060190609838
Maine,23,2009-12-01,689802,633983,55819,8.09203220634327,70635.724,5.4304103413791625
Maryland,24,2009-12-01,3023000,2801113,221887,7.339960304333443,272975.0763,4.925880572110573
Massachusetts,25,2009-12-01,3451717,3157430,294287,8.525814833603102,245687.8454,3.8271367510340073
Michigan,26,2009-12-01,4817301,4166546,650755,13.508705393331246,551341.7609999999,5.640819051502257
Minnesota,27,2009-12-01,2912110,2693514,218596,7.506447215249424,193207.03029999998,3.7161474929985268
Mississippi,28,2009-12-01,1265409,1129730,135679,10.722145962293615,156255.50040000002,5.397385819839963
Missouri,29,2009-12-01,3008328,2724608,283720,9.431152454120694,365321.299,6.253340717545942
Montana,30,2009-12-01,494813,458257,36556,7.387841467382628,57402.2505,5.994126466504995
Nebraska,31,2009-12-01,984149,938086,46063,4.680490454189355,64601.9196,3.663242248728089
Nevada,32,2009-12-01,1341802,1173763,168039,12.523382734561434,140829.9521,5.378290663054077
New Hampshire,33,2009-12-01,737192,692658,44534,6.041031373102259,45332.667,3.4819768249767176
New Jersey,34,2009-12-01,4525810,4095703,430107,9.503425906080901,482479.0089,5.613741557139245
New Mexico,35,2009-12-01,933665,864633,69032,7.393658324988085,146309.4718,7.354360282593123
New York,36,2009-12-01,9490376,8659858,830518,8.751160122633708,969628.8483,5.027874416814797
North Carolina,37,2009-12-01,4509710,4014071,495639,10.990484975752322,475789.8986,5.152431794298551
North Dakota,38,2009-12-01,365263,350200,15063,4.123877863347779,12198.454600000001,1.936062617218535
Ohio,39,2009-12-01,5820763,5194828,625935,10.753487128749272,641751.2887,5.675037822513769
Oklahoma,40,2009-12-01,1746836,1629497,117339,6.717230466969996,191797.84149999998,5.349126086667967
Oregon,41,2009-12-01,1951938,1740797,211141,10.816993162692668,172855.38689999998,4.579876452307387
Pennsylvania,42,2009-12-01,6292311,5783671,508640,8.08351653311478,452185.62529999996,3.6979403856255275
Rhode Island,44,2009-12-01,566092,505461,60631,10.710449891537065,55774.9514,5.43688666362915
South Carolina,45,2009-12-01,2115013,1871007,244006,11.536855801831951,237891.5318,5.324036387917202
South Dakota,46,2009-12-01,438455,415434,23021,5.250481805430431,32773.3266,4.135590911839696
Tennessee,47,2009-12-01,3022589,2712192,310397,10.269242692274736,372348.3402,6.004839501912823
Texas,48,2009-12-01,11965823,11013116,952707,7.961901157989718,1620466.1052,6.628919851223587
Utah,49,2009-12-01,1351014,1248827,102187,7.563726208610718,109640.0643,3.936638645110434
Vermont,50,2009-12-01,357681,335968,21713,6.070492981175964,31160.6038,5.060048794154053
Virginia,51,2009-12-01,4059359,3765971,293388,7.227446500789903,260602.2556,3.433498329968753
Washington,53,2009-12-01,3518357,3148928,369429,10.50004305987141,316844.0165,4.849793679844611
West Virginia,54,2009-12-01,800282,735640,64642,8.077402715542771,116062.72510000001,6.46696740078505
Wisconsin,55,2009-12-01,3059841,2787444,272397,8.902325316903722,221908.0409,3.9793216322113736
Wyoming,56,2009-12-01,300582,278187,22395,7.4505459408747035,15380.559399999998,2.860344761411156
United States,00,2010-12-01,153785938,139726361,14059577,9.142303374967872,15388736.8952,5.064630396559808
Alabama,01,2010-12-01,2213810,1996538,217272,9.814392382363437,399962.4839,8.59807039854299
Alaska,02,2010-12-01,360758,331980,28778,7.97709267708547,26392.748200000002,3.862869715898245
Arizona,04,2010-12-01,3050906,2758177,292729,9.594821997137899,379000.4256,5.781431013491503
Arkansas,05,2010-12-01,1351635,1240454,111181,8.225667432405938,132925.8309,4.633320101647247
California,06,2010-12-01,18329776,16116806,2212970,12.073088072652933,2192740.1686,5.98434188585365
Colorado,08,2010-12-01,2719777,2479608,240169,8.830466615461487,200001.1085,3.9796541111459915
Connecticut,09,2010-12-01,1906439,1740348,166091,8.71210670784641,134969.5177,3.886816688120071
Delaware,10,2010-12-01,438896,405344,33552,7.644635631220153,34071.7356,3.883210388793344
Florida,12,2010-12-01,9236076,8246471,989605,10.714561032195924,1178381.7875,6.473181893979089
Georgia,13,2010-12-01,4721252,4221004,500248,10.595664031489953,556428.6559,5.723220074387944
Hawaii,15,2010-12-01,656944,615119,41825,6.366600501717041,63144.9641,5.042310798191644
Idaho,16,2010-12-01,757375,689525,67850,8.95857402211586,34355.1943,2.2261942908179506
Illinois,17,2010-12-01,6557154,5950119,607035,9.257598647217986,565136.2332,4.4227550708906245
Indiana,18,2010-12-01,3136526,2846447,290079,9.248416879056638,296257.0875,4.699310707253125
Iowa,19,2010-12-01,1673925,1575088,98837,5.904505876906074,113527.95670000001,3.8204116172899334
Kansas,20,2010-12-01,1491469,1395361,96108,6.443848313307216,118372.2074,4.250226452740058
Kentucky,21,2010-12-01,2053627,1858013,195614,9.525293541621727,192226.58120000002,4.53873261008872
Louisiana,22,2010-12-01,2067211,1904063,163148,7.892179366305617,231458.7301,5.220175228996951
Maine,23,2010-12-01,693997,638391,55606,8.012426566685447,62335.0731,4.8035803720926
Maryland,24,2010-12-01,3077097,2854690,222407,7.227818947533991,249263.3371,4.4311604986269755
Massachusetts,25,2010-12-01,3465594,3201242,264352,7.6278987094275905,149596.426,2.2786296748242103
Michigan,26,2010-12-01,4690696,4180671,510025,10.873119895213845,525782.1596,5.393647789594364
Minnesota,27,2010-12-01,2926332,2722034,204298,6.9813678010560665,174648.18829999998,3.3375482012825075
Mississippi,28,2010-12-01,1356512,1216699,139813,10.306801561652238,177452.5102,6.139980585447726
Missouri,29,2010-12-01,3039486,2760478,279008,9.179446788042451,238361.5355,4.031636394538492
Montana,30,2010-12-01,495195,457738,37457,7.564090913680469,43789.306899999996,4.525338899778571
Nebraska,31,2010-12-01,991004,948555,42449,4.283433770196689,57747.767400000004,3.231926346384867
Nevada,32,2010-12-01,1363038,1177561,185477,13.607617689308736,128355.4109,4.8983332594359865
New Hampshire,33,2010-12-01,732968,694325,38643,5.272126477554273,34053.858,2.602999610027466
New Jersey,34,2010-12-01,4542589,4128327,414262,9.119513123463294,340471.7242,3.9341433920603546
New Mexico,35,2010-12-01,933590,865091,68499,7.337160852194218,97860.9316,4.889571241940394
New York,36,2010-12-01,9476174,8697247,778927,8.219846955110786,989825.7919,5.133191378654155
North Carolina,37,2010-12-01,4579735,4106669,473066,10.329549635513846,508741.07389999996,5.474241652773811
North Dakota,38,2010-12-01,377614,363715,13899,3.680742769071062,14750.2478,2.3128561121660924
Ohio,39,2010-12-01,5776707,5242810,533897,9.242237835500399,539134.1701,4.743485760498116
Oklahoma,40,2010-12-01,1762580,1652089,110491,6.268708370683884,157163.1211,4.306096724920714
Oregon,41,2010-12-01,1984603,1787102,197501,9.951662876655936,168726.5549,4.448492671367299
Pennsylvania,42,2010-12-01,6351726,5864601,487125,7.669175276137541,797361.0137,6.43124667486591
Rhode Island,44,2010-12-01,564839,503848,60991,10.797944192947016,65524.975099999996,6.358126370901231
South Carolina,45,2010-12-01,2140626,1909521,231105,10.796140941948757,249659.934,5.549930987483572
South Dakota,46,2010-12-01,438173,415633,22540,5.144086924570889,32971.3634,4.103672367227775
Tennessee,47,2010-12-01,3110595,2824342,286253,9.202515917372722,378580.9294,6.04319967348193
Texas,48,2010-12-01,12348803,11385991,962812,7.796804273256282,1371796.3846999998,5.512730606600959
Utah,49,2010-12-01,1350062,1252176,97886,7.250481829723376,123321.9234,4.372683928704523
Vermont,50,2010-12-01,358694,338323,20371,5.67921403759193,17927.0501,2.9205375066019346
Virginia,51,2010-12-01,4154452,3878118,276334,6.65151504939761,183349.8174,2.3756223923857345
Washington,53,2010-12-01,3465942,3132092,333850,9.632301983126087,365704.3691,5.516466385417339
West Virginia,54,2010-12-01,804033,734511,69522,8.646660025148222,113342.1196,6.277425414883417
Wisconsin,55,2010-12-01,3059191,2822536,236655,7.735868731308376,136962.6091,2.449876041936622
Wyoming,56,2010-12-01,304124,285211,18913,6.218844944825137,18682.336499999998,3.397722489693406
United States,00,2011-12-01,154476716,141686826,12789890,8.279493719946766,15807631.2862,5.169517105763033
Alabama,01,2011-12-01,2176155,2004151,172004,7.904032571209312,351571.7576,7.532274223634891
Alaska,02,2011-12-01,363580,335281,28299,7.78343143187194,36169.8524,5.191532992928346
Arizona,04,2011-12-01,3026082,2767372,258710,8.549338715870885,505389.7325,7.590397423378713
Arkansas,05,2011-12-01,1357508,1251307,106201,7.823231980953335,204903.39539999998,7.102297444975
California,06,2011-12-01,18469288,16432126,2037162,11.029997474726692,2132851.3986,5.766421339522434
Colorado,08,2011-12-01,2750109,2527850,222259,8.081825120386137,226994.07390000002,4.451369693056499
Connecticut,09,2011-12-01,1893678,1747213,146465,7.734419473638074,145994.0606,4.194723046763481
Delaware,10,2011-12-01,446381,416315,30066,6.735501735064888,47807.2763,5.4069518104419
Florida,12,2011-12-01,9305007,8470393,834614,8.969515014873176,858593.9546,4.634353124426142
Georgia,13,2011-12-01,4794042,4329057,464985,9.699226665098053,550242.9415,5.655866591167323
Hawaii,15,2011-12-01,653392,611538,41854,6.405649288635306,69091.05679999999,5.4788371719804605
Idaho,16,2011-12-01,766511,705748,60763,7.927218265621759,109722.9114,7.0907551494073315
Illinois,17,2011-12-01,6576441,5974494,601947,9.153081431126653,749568.5937,5.853694643925806
Indiana,18,2011-12-01,3179136,2902051,277085,8.715732828038814,266944.0297,4.207554015521443
Iowa,19,2011-12-01,1649739,1559690,90049,5.458378567761325,110608.5598,3.689026982597365
Kansas,20,2011-12-01,1481762,1397271,84491,5.7020628144060925,95117.5226,3.3845101659562364
Kentucky,21,2011-12-01,2050469,1879204,171265,8.352479359600169,231825.1601,5.422196650922166
Louisiana,22,2011-12-01,2054181,1911035,143146,6.968519327167372,227328.7653,5.095778862710982
Maine,23,2011-12-01,697152,644010,53142,7.62272789865051,65783.74710000001,5.121370680410758
Maryland,24,2011-12-01,3095540,2885520,210020,6.784599779036937,304174.2716,5.35747347193208
Massachusetts,25,2011-12-01,3466240,3238999,227241,6.555835718242245,309657.7132,4.716265689105549
Michigan,26,2011-12-01,4659024,4239837,419187,8.997313600445072,457595.83160000003,4.693998432058182
Minnesota,27,2011-12-01,2932795,2766181,166614,5.681065331876248,230110.7067,4.382474670747489
Mississippi,28,2011-12-01,1340027,1214212,125815,9.388989923337366,199097.6342,6.8543473925645015
Missouri,29,2011-12-01,3021310,2801320,219990,7.281278650651538,338265.3313,5.699000383131848
Montana,30,2011-12-01,497841,465264,32577,6.543655504468294,38844.095499999996,4.004633099202099
Nebraska,31,2011-12-01,1005695,963642,42053,4.181486434754076,104884.2742,5.817570081182478
Nevada,32,2011-12-01,1372017,1203894,168123,12.253711142063109,139100.4432,5.37725639651643
New Hampshire,33,2011-12-01,735110,697021,38089,5.181401422916299,25684.2212,1.9641028413933566
New Jersey,34,2011-12-01,4567795,4162287,405508,8.877543760173126,316282.84400000004,3.6431966531470152
New Mexico,35,2011-12-01,934347,867005,67342,7.207386549108628,69637.31049999999,3.452094208866301
New York,36,2011-12-01,9527694,8726027,801667,8.414071652595055,887961.9861,4.582387777950132
North Carolina,37,2011-12-01,4620368,4173610,446758,9.669316383456902,683638.3207,7.355903664992021
North Dakota,38,2011-12-01,387835,375134,12701,3.2748462619412892,23169.672400000003,3.5859019779995975
Ohio,39,2011-12-01,5710918,5268721,442197,7.743010843440581,580611.6307,5.147766028358525
Oklahoma,40,2011-12-01,1785591,1686222,99369,5.565048210928483,165556.7274,4.501084472277773
Oregon,41,2011-12-01,1978254,1798602,179652,9.081341425317477,201857.1642,5.24748762609957
Pennsylvania,42,2011-12-01,6401662,5929998,471664,7.36783666491608,435821.1142,3.5062579034604777
Rhode Island,44,2011-12-01,559935,498656,61279,10.943948851205944,60541.985799999995,5.849086961238479
South Carolina,45,2011-12-01,2158650,1944904,213746,9.901836796145739,181795.5412,4.0132866343629505
South Dakota,46,2011-12-01,438400,418645,19755,4.506158759124087,37563.5402,4.651334972471921
Tennessee,47,2011-12-01,3112452,2870868,241584,7.76185464064988,255805.71289999998,4.070677189638789
Texas,48,2011-12-01,12585464,11714861,870603,6.917528030750396,1766902.308,7.006917406141978
Utah,49,2011-12-01,1351729,1275434,76295,5.644252657152432,91748.9526,3.202759612740035
Vermont,50,2011-12-01,355501,338279,17222,4.844430817353538,15444.4087,2.5155520967799654
Virginia,51,2011-12-01,4210114,3947056,263058,6.248239358839214,159242.3492,2.035337890696807
Washington,53,2011-12-01,3452679,3148024,304655,8.823727893615363,359131.6842,5.385738796362236
West Virginia,54,2011-12-01,801402,742559,58843,7.342507256033801,82910.3004,4.581557652593974
Wisconsin,55,2011-12-01,3062217,2852012,210205,6.864471067857046,252102.56889999998,4.520358260574756
Wyoming,56,2011-12-01,306890,289288,17602,5.735605591580045,18028.5192,3.3309506464045158
United States,00,2012-12-01,155081395,143222620,11858775,7.64680702027474,16174644.552099999,5.248676690891505
Alabama,01,2012-12-01,2172728,2016210,156518,7.203754910877017,226750.87410000002,4.779578316799446
Alaska,02,2012-12-01,361654,335716,25938,7.172048421972383,20869.3741,2.989297852214444
Arizona,04,2012-12-01,3024926,2792963,231963,7.668385937374997,324475.89650000003,5.058240604971705
Arkansas,05,2012-12-01,1311310,1213884,97426,7.429669567074147,184055.33669999999,6.338561906696148
California,06,2012-12-01,18579709,16797526,1782183,9.592093180792013,2169281.5945,5.815838600082046
Colorado,08,2012-12-01,2761281,2558399,202882,7.347386955547082,265515.511,5.219962722984906
Connecticut,09,2012-12-01,1860329,1718588,141741,7.619136185051139,134454.1509,3.8098378590072906
Delaware,10,2012-12-01,444477,414061,30416,6.843098743017074,43350.448899999996,4.820659556864902
Florida,12,2012-12-01,9397211,8661278,735933,7.831398060552221,1062363.5839,5.618152840329852
Georgia,13,2012-12-01,4797035,4379223,417812,8.709796780719756,448586.1806,4.642505739457479
Hawaii,15,2012-12-01,644185,613192,30993,4.811195541653407,59590.8646,4.46888424487653
Idaho,16,2012-12-01,766333,714245,52088,6.7970451487799695,95484.074,6.080548574170393
Illinois,17,2012-12-01,6581803,5985419,596384,9.061103773540472,520878.9969,4.113582531888782
Indiana,18,2012-12-01,3165048,2895862,269186,8.504957902692155,337407.4359,5.236801098719336
Iowa,19,2012-12-01,1649825,1567797,82028,4.971921264376525,128359.19039999999,4.2306649451510445
Kansas,20,2012-12-01,1485957,1408063,77894,5.242009021795382,159652.8872,5.634567788991506
Kentucky,21,2012-12-01,2067803,1904478,163325,7.898479690763579,227995.34949999998,5.293168857410055
Louisiana,22,2012-12-01,2078718,1946632,132086,6.3542048512592855,265351.8846,5.879700552467563
Maine,23,2012-12-01,700681,650583,50098,7.1499013102966975,96475.5736,7.352304774691675
Maryland,24,2012-12-01,3122592,2913418,209174,6.698729773214048,286754.6979,4.981147370725815
Massachusetts,25,2012-12-01,3493490,3264498,228992,6.554820537628561,215765.4105,3.2910685493232053
Michigan,26,2012-12-01,4677452,4271748,405704,8.673611188313638,425843.8031,4.383933564935505
Minnesota,27,2012-12-01,2945378,2789890,155488,5.279050770393478,204894.666,3.8487119914588668
Mississippi,28,2012-12-01,1299942,1184105,115837,8.910936026376561,208720.9309,7.13849693384312
Missouri,29,2012-12-01,3012225,2813392,198833,6.600868129040825,235327.0989,3.979667408810738
Montana,30,2012-12-01,503494,474316,29178,5.795103814543967,40224.4482,4.062023190482134
Nebraska,31,2012-12-01,1015292,976150,39142,3.8552455845214975,112162.0992,6.135849881035059
Nevada,32,2012-12-01,1375637,1233000,142637,10.368796419404246,155592.07,5.792737403104446
New Hampshire,33,2012-12-01,739568,700092,39476,5.337710663522489,27759.5684,2.1373451310873044
New Jersey,34,2012-12-01,4582310,4176309,406001,8.860181873334628,302373.6375,3.4605060669526186
New Mexico,35,2012-12-01,934536,871330,63206,6.76335636080365,156421.14760000003,7.577563675497383
New York,36,2012-12-01,9607545,8827014,780531,8.124146178862551,967363.2738000001,5.03179391028718
North Carolina,37,2012-12-01,4683039,4261720,421319,8.996700646738155,592819.2611,6.215492555880482
North Dakota,38,2012-12-01,397448,385193,12255,3.0834222338519757,15205.902,2.22826340213996
Ohio,39,2012-12-01,5686606,5271711,414895,7.296003978471517,894720.1698,7.880504528270206
Oklahoma,40,2012-12-01,1810316,1716186,94130,5.199644702913745,247979.6089,6.606723705604415
Oregon,41,2012-12-01,1911498,1748763,162735,8.513480003641124,175840.7674,4.5643996854829085
Pennsylvania,42,2012-12-01,6456516,5968884,487632,7.552556208332791,505960.1738,4.015528912998286
Rhode Island,44,2012-12-01,558640,507398,51242,9.172633538593727,59074.8834,5.818019915383745
South Carolina,45,2012-12-01,2175560,1988777,186783,8.585513614885363,311993.2096,6.761346968688344
South Dakota,46,2012-12-01,440083,422213,17870,4.0605976599868665,44631.807100000005,5.469866658363232
Tennessee,47,2012-12-01,3098401,2860870,237531,7.6662446210158075,381608.1891,6.007275509791732
Texas,48,2012-12-01,12759851,11968650,791201,6.200707202615454,1594716.8648,6.2022419353409015
Utah,49,2012-12-01,1386784,1320522,66262,4.778105314165725,112553.4614,4.023648037370129
Vermont,50,2012-12-01,351835,336498,15337,4.359145622237697,36708.0936,5.926637061240753
Virginia,51,2012-12-01,4208777,3971067,237710,5.647959015172341,385827.41000000003,4.872877919799475
Washington,53,2012-12-01,3451211,3190321,260890,7.559375535138246,268545.6871,3.994266188315665
West Virginia,54,2012-12-01,799724,741662,58062,7.260254787901826,93886.62419999999,5.139114289127688
Wisconsin,55,2012-12-01,3066357,2862578,203779,6.645638456318035,288540.33259999997,5.1256056262780625
Wyoming,56,2012-12-01,305084,289131,15953,5.2290516710151955,23975.793299999998,4.261030081179445
United States,00,2013-12-01,154533783,144541051,9992732,6.46637376372259,16283711.350200001,5.240958612846334
Alabama,01,2013-12-01,2159172,2012465,146707,6.794595335619395,212115.2383,4.444453579912032
Alaska,02,2013-12-01,361204,335874,25330,7.0126576671354695,35546.7999,5.014681185704269
Arizona,04,2013-12-01,3038189,2825602,212587,6.997161796056796,442043.8564,6.777312156169869
Arkansas,05,2013-12-01,1302081,1214634,87447,6.71594163496741,245301.3401,8.49093524804585
California,06,2013-12-01,18536425,17054909,1481516,7.992458092647315,2057522.2266,5.438015382408889
Colorado,08,2013-12-01,2758016,2595920,162096,5.877268297210748,221141.141,4.278632888243295
Connecticut,09,2013-12-01,1854961,1729754,125207,6.749845414539712,131460.976,3.716178430570465
Delaware,10,2013-12-01,445221,419831,25390,5.7027858074978495,33394.1678,3.683186315869663
Florida,12,2013-12-01,9422332,8828907,593425,6.298069310230206,1286455.5676,6.69201662968716
Georgia,13,2013-12-01,4735768,4386195,349573,7.381548251519078,580841.6638,5.930901009110119
Hawaii,15,2013-12-01,659429,630572,28857,4.376058681071048,44868.6216,3.3433275836692173
Idaho,16,2013-12-01,768654,727532,41122,5.349871333525877,71145.6463,4.484956237238211
Illinois,17,2013-12-01,6493384,5961011,532373,8.1986988602553,453858.7511,3.5726719342806046
Indiana,18,2013-12-01,3176941,2975651,201290,6.335969097317199,261546.0223,4.049197615611413
Iowa,19,2013-12-01,1679311,1605447,73864,4.398470563225037,141531.4366,4.668820134031675
Kansas,20,2013-12-01,1480259,1415998,64261,4.341199749503296,137770.6213,4.840287513854578
Kentucky,21,2013-12-01,2024625,1879749,144876,7.155695499166512,202402.35249999998,4.728993118142052
Louisiana,22,2013-12-01,2085902,1980490,105412,5.053545180933716,251408.7824,5.548705619924302
Maine,23,2013-12-01,698144,655862,42282,6.056343676949168,56974.9604,4.35739222389444
Maryland,24,2013-12-01,3103776,2923530,180246,5.8073134143701095,350315.3102,6.017741068452768
Massachusetts,25,2013-12-01,3502345,3295464,206881,5.906928072477155,236222.84399999998,3.582561704606425
Michigan,26,2013-12-01,4689622,4335644,353978,7.548113685921808,534620.3895,5.487363957265936
Minnesota,27,2013-12-01,2951613,2817998,133615,4.526846846114311,213831.4608,3.9987224658389025
Mississippi,28,2013-12-01,1252203,1155571,96632,7.716959630347476,335870.0862,11.489900411055979
Missouri,29,2013-12-01,3003180,2818889,184291,6.1365286130035495,327041.4429,5.519289140294256
Montana,30,2013-12-01,507389,480290,27099,5.34087258493976,74223.1884,7.444053171325816
Nebraska,31,2013-12-01,1010524,976242,34282,3.392497357806445,81940.7137,4.467035535511397
Nevada,32,2013-12-01,1377431,1259188,118243,8.584313842217869,168889.8236,6.131494322779689
New Hampshire,33,2013-12-01,737364,703893,33471,4.539277751558253,35945.6799,2.7610999163034693
New Jersey,34,2013-12-01,4479075,4179118,299957,6.696851470448697,250106.8768,2.8434191964282536
New Mexico,35,2013-12-01,928952,868350,60602,6.5236955192518025,15954.9236,0.7838457768814394
New York,36,2013-12-01,9540803,8900624,640179,6.709906912447516,1140252.8412000001,5.881731929171978
North Carolina,37,2013-12-01,4640406,4333749,306657,6.6084088331926125,466441.48490000004,4.857208556191073
North Dakota,38,2013-12-01,403146,392019,11127,2.7600422675655967,13603.617199999999,1.9311199450675343
Ohio,39,2013-12-01,5663256,5299196,364060,6.428457410366051,586984.0008,5.188960642377596
Oklahoma,40,2013-12-01,1790406,1702967,87439,4.883752623706578,232875.9766,6.211374494635569
Oregon,41,2013-12-01,1897562,1763356,134206,7.072548881143278,291935.59829999995,7.494409867381325
Pennsylvania,42,2013-12-01,6346918,5956663,390255,6.148732345368256,490268.1199,3.8956945559104885
Rhode Island,44,2013-12-01,557443,508976,48467,8.6945212335611,40935.1318,3.9748299033119654
South Carolina,45,2013-12-01,2167974,2031186,136788,6.30948526135461,142020.5382,3.0370947657173124
South Dakota,46,2013-12-01,440833,424985,15848,3.5950121701415276,46023.9896,5.5516838939455155
Tennessee,47,2013-12-01,3009447,2806290,203157,6.7506422276252085,394840.2513,6.178146614080209
Texas,48,2013-12-01,12903075,12211452,691623,5.36014089664673,1779826.3813,6.8292866077469485
Utah,49,2013-12-01,1415866,1362099,53767,3.7974638842941353,86158.1382,2.996992025556211
Vermont,50,2013-12-01,347993,334546,13447,3.8641581870899704,25267.793899999997,4.10489335800035
Virginia,51,2013-12-01,4207411,3991608,215803,5.129116218976468,356220.36059999996,4.448278709847535
Washington,53,2013-12-01,3449484,3219664,229820,6.662445745508603,242458.28470000002,3.5942569786566194
West Virginia,54,2013-12-01,786714,736115,50599,6.431689279712831,75560.7014,4.139975769417946
Wisconsin,55,2013-12-01,3064061,2880277,183784,5.998052910826514,307186.9253,5.412955967755989
Wyoming,56,2013-12-01,304836,290760,14076,4.617564854544739,28285.9508,4.9334147859914275
United States,00,2014-12-01,155592243,147257149,8335094,5.357011274655896,16923850.435900003,5.407367665891875
Alabama,01,2014-12-01,2143851,2019932,123919,5.780205807213282,369215.9518,7.731964361271837
Alaska,02,2014-12-01,359719,336086,23633,6.569850355416311,37718.3781,5.330443498025085
Arizona,04,2014-12-01,3130305,2939534,190771,6.094326271721126,415523.17,6.3247712851189135
Arkansas,05,2014-12-01,1315775,1243321,72454,5.506564572210294,126785.4847,4.333721212198661
California,06,2014-12-01,18719647,17482044,1237603,6.611251804053784,1829202.5722,4.802619490096295
Colorado,08,2014-12-01,2803330,2688137,115193,4.109148762364759,223499.37200000003,4.263993380885918
Connecticut,09,2014-12-01,1886546,1781513,105033,5.567476223744346,228713.2588,6.442705651564096
Delaware,10,2014-12-01,458510,437288,21222,4.628470480469346,35102.7374,3.837214111980873
Florida,12,2014-12-01,9515375,8985368,530007,5.570006436950725,998289.7374999999,5.118447713355486
Georgia,13,2014-12-01,4737973,4445180,292793,6.17971018408083,621276.8778,6.326687357811698
Hawaii,15,2014-12-01,668212,643432,24780,3.7084039197141028,61975.1385,4.551503602235796
Idaho,16,2014-12-01,782199,746955,35244,4.5057587647133275,73507.60699999999,4.5642015055409235
Illinois,17,2014-12-01,6443828,6067278,376550,5.843576209669159,720155.1033000001,5.676956323148528
Indiana,18,2014-12-01,3223731,3049537,174194,5.403490551786113,439421.7856,6.7340299245980315
Iowa,19,2014-12-01,1699944,1630226,69718,4.101193921682126,96322.5217,3.153185225690334
Kansas,20,2014-12-01,1486707,1429937,56770,3.8185062692245344,166063.4764,5.837340929088479
Kentucky,21,2014-12-01,1974787,1875193,99594,5.043278085180832,304216.19330000004,7.040237619356475
Louisiana,22,2014-12-01,2172653,2036063,136590,6.286783945710613,469552.9326,10.3102188109185
Maine,23,2014-12-01,684534,650887,33647,4.915314652011442,65376.183600000004,4.986371936959199
Maryland,24,2014-12-01,3116064,2954641,161423,5.1803493124659825,405449.7226,6.931944346460364
Massachusetts,25,2014-12-01,3585648,3411536,174112,4.855802912053832,363731.9517,5.4428282215862085
Michigan,26,2014-12-01,4726552,4460766,265786,5.623253483723442,528286.4088999999,5.421253967719161
Minnesota,27,2014-12-01,2974657,2860995,113662,3.8210119687748874,162055.4357,2.992177953380228
Mississippi,28,2014-12-01,1251453,1167779,83674,6.686148021539762,195967.3947,6.7056612167506175
Missouri,29,2014-12-01,3039077,2885324,153753,5.059200540164004,401846.3153,6.766371083969554
Montana,30,2014-12-01,507359,484727,22632,4.460746729633258,41072.1753,4.0600879852245715
Nebraska,31,2014-12-01,1002250,973736,28514,2.844998752806186,91248.8839,4.912468706519314
Nevada,32,2014-12-01,1392537,1293281,99256,7.127710071617487,142961.89820000003,5.1452111150764335
New Hampshire,33,2014-12-01,741112,714321,26791,3.6149731754444674,66459.3591,5.081515980507702
New Jersey,34,2014-12-01,4483285,4214077,269208,6.004704139933107,614250.0896,6.935127805866292
New Mexico,35,2014-12-01,939398,883518,55880,5.948490416202717,115253.70289999999,5.646291058216249
New York,36,2014-12-01,9453294,8932866,520428,5.5052556283555765,1216894.4752,6.242926256194703
North Carolina,37,2014-12-01,4680782,4426807,253975,5.4259096022844044,685265.816,7.049560989816037
North Dakota,38,2014-12-01,411710,400981,10729,2.6059605061815354,25967.049899999998,3.524235164749623
Ohio,39,2014-12-01,5680534,5399531,281003,4.946770849360289,690471.0560999999,6.06726841896288
Oklahoma,40,2014-12-01,1810459,1740173,70286,3.8822199232349366,138749.20489999998,3.6535660812995876
Oregon,41,2014-12-01,1937490,1825557,111933,5.777216914667947,222322.0258,5.674472476781976
Pennsylvania,42,2014-12-01,6357083,6045055,312028,4.908351833694794,480855.4952,3.8215718303487414
Rhode Island,44,2014-12-01,556245,521227,35018,6.295427374628087,19134.718800000002,1.8420039591778392
South Carolina,45,2014-12-01,2234561,2091218,143343,6.414817049075859,350620.6571,7.407776547368371
South Dakota,46,2014-12-01,445729,430272,15457,3.467802184735568,48811.7485,5.799500938539087
Tennessee,47,2014-12-01,3020245,2841693,178552,5.9118382780204914,299142.1477,4.648484500682842
Texas,48,2014-12-01,13026898,12483938,542960,4.167991489608655,1158875.7053,4.415514201000585
Utah,49,2014-12-01,1436114,1388905,47209,3.2872738515187514,117231.296,4.003014968430296
Vermont,50,2014-12-01,344515,332535,11980,3.477352219787237,16195.5102,2.6214107086063847
Virginia,51,2014-12-01,4191822,3998687,193135,4.607423693086204,312157.9597,3.85289456812861
Washington,53,2014-12-01,3512323,3304765,207558,5.909422339574122,283303.2755,4.110043077547185
West Virginia,54,2014-12-01,770797,723681,47116,6.112634065778668,110804.0725,6.116546309586355
Wisconsin,55,2014-12-01,3068243,2929406,138837,4.524967546573071,285371.0235,5.0120746571547325
Wyoming,56,2014-12-01,303292,291722,11570,3.8148055339408886,15408.007099999999,2.655289365653641
United States,00,2015-12-01,156896222,149369899,7526323,4.79700715801812,14982636.3457,4.741616819320578
Alabama,01,2015-12-01,2164327,2038411,125916,5.817790010474388,271679.89410000003,5.709815801965662
Alaska,02,2015-12-01,358187,333918,24269,6.775511115702133,20779.5795,2.970122449573546
Arizona,04,2015-12-01,3182097,3010313,171784,5.39845265559158,310735.6207,4.650181597573182
Arkansas,05,2015-12-01,1328127,1272147,55980,4.214958358650942,178599.92119999998,6.119086270097058
California,06,2015-12-01,18843930,17789541,1054389,5.595377397390035,1957007.864,5.067202588077338
Colorado,08,2015-12-01,2835677,2740016,95661,3.3734801248520196,209472.34379999997,3.907230040828714
Connecticut,09,2015-12-01,1867163,1772957,94206,5.045408461928605,152632.5134,4.317739286946999
Delaware,10,2015-12-01,471141,451477,19664,4.1736974706085865,23900.3562,2.5662216630859063
Florida,12,2015-12-01,9617369,9144625,472744,4.915523153993571,902158.837,4.524609835355451
Georgia,13,2015-12-01,4810139,4548477,261662,5.439801219881588,570493.7785,5.71735946298893
Hawaii,15,2015-12-01,678151,659170,18981,2.798934160681028,34683.526699999995,2.542124494801832
Idaho,16,2015-12-01,800373,767968,32405,4.0487372762449505,59791.8725,3.6667579756885904
Illinois,17,2015-12-01,6521546,6133103,388443,5.95630238596799,621789.553,4.908392571012068
Indiana,18,2015-12-01,3287081,3139140,147941,4.500680086678728,312578.7724,4.78626344420054
Iowa,19,2015-12-01,1691813,1628110,63703,3.7653688675994332,94118.29449999999,3.0861005113886337
Kansas,20,2015-12-01,1486195,1432818,53377,3.5915206281813625,37356.8686,1.3077008602579747
Kentucky,21,2015-12-01,1988186,1888573,99613,5.010245520288343,134155.2347,3.0863902909771586
Louisiana,22,2015-12-01,2122682,2006351,116331,5.48037812540927,292892.908,6.419793708078485
Maine,23,2015-12-01,676058,650256,25802,3.816536451014558,61983.357,4.726363009662421
Maryland,24,2015-12-01,3135323,2997304,138019,4.402066389970028,243919.2407,4.144122698485175
Massachusetts,25,2015-12-01,3568343,3422497,145846,4.087219193894757,266802.3738,3.9660070080241896
Michigan,26,2015-12-01,4772433,4553021,219412,4.597487277453659,459249.0381,4.683013551930377
Minnesota,27,2015-12-01,3009560,2896765,112795,3.7478900570183016,156125.5292,2.8908878141411645
Mississippi,28,2015-12-01,1278623,1200678,77945,6.09601109944057,187057.02959999998,6.4109696492715065
Missouri,29,2015-12-01,3057797,2933892,123905,4.052100253875584,361158.8715,6.0565280065583105
Montana,30,2015-12-01,517293,494638,22655,4.3795295896136235,42965.81,4.220474534122121
Nebraska,31,2015-12-01,1004415,975950,28465,2.8339879432306367,98761.06390000001,5.291969397065053
Nevada,32,2015-12-01,1411960,1326043,85917,6.084945749171364,118800.6065,4.16151370140609
New Hampshire,33,2015-12-01,743839,723881,19958,2.6831075004133957,23669.8771,1.8020467921229637
New Jersey,34,2015-12-01,4463763,4258454,205309,4.599460141589058,407488.7536,4.590136333512174
New Mexico,35,2015-12-01,939375,881152,58223,6.198057218895542,134602.7496,6.6150687822282945
New York,36,2015-12-01,9528453,9075496,452957,4.753730747268208,982593.0368,5.01880769616465
North Carolina,37,2015-12-01,4774794,4527888,246906,5.171029367968544,554049.0744,5.636176495454244
North Dakota,38,2015-12-01,406884,394960,11924,2.93056497675013,19328.5485,2.5924537519992135
Ohio,39,2015-12-01,5696517,5425001,271516,4.766351087866498,803386.9724,7.0128463538793415
Oklahoma,40,2015-12-01,1831101,1751656,79445,4.338646530147709,177846.687,4.657927159433173
Oregon,41,2015-12-01,1999913,1902080,97833,4.891862796031627,223297.3414,5.663511096182028
Pennsylvania,42,2015-12-01,6394208,6091224,302984,4.738413264003923,558440.1377999999,4.431261767478484
Rhode Island,44,2015-12-01,554527,525946,28581,5.154122342104172,46032.076100000006,4.410292561040845
South Carolina,45,2015-12-01,2272151,2146951,125200,5.510197165593308,230704.8252,4.809754464990538
South Dakota,46,2015-12-01,448614,434976,13638,3.0400299589402024,27863.340500000002,3.299052499274686
Tennessee,47,2015-12-01,3061706,2917193,144513,4.720015573017135,333077.874,5.122380078235406
Texas,48,2015-12-01,13159881,12605220,554661,4.214787352560407,1146215.5818,4.265245549332738
Utah,49,2015-12-01,1474769,1425820,48949,3.3190960753853656,93643.22409999999,3.1655735245400902
Vermont,50,2015-12-01,342122,331627,10495,3.0676191534014183,21391.682099999998,3.4841996576489396
Virginia,51,2015-12-01,4180922,4020013,160909,3.848648695192113,240572.4609,2.943923542264721
Washington,53,2015-12-01,3577297,3373241,204056,5.704195094788048,296876.6334,4.213530692109418
West Virginia,54,2015-12-01,773294,726800,46494,6.01246097861874,105849.3395,5.8214982655667145
Wisconsin,55,2015-12-01,3093567,2968048,125519,4.057419800508604,316317.3668,5.5560550808537545
Wyoming,56,2015-12-01,301172,286700,14472,4.805227577596855,16874.2222,2.9465367044099326
United States,00,2016-12-01,158340686,151198393,7142293,4.510712426747981,13717831.1031,4.301266928114358
Alabama,01,2016-12-01,2181981,2063133,118848,5.446793533032597,269660.1714,5.615641023127568
Alaska,02,2016-12-01,357338,332073,25265,7.0703367679899705,23965.8905,3.39539482849967
Arizona,04,2016-12-01,3260427,3103383,157044,4.816669718414183,386067.3992,5.650302933242131
Arkansas,05,2016-12-01,1328920,1280847,48073,3.617448755380309,132470.7268,4.499783890071258
California,06,2016-12-01,18998495,18027939,970556,5.1085941281138325,1465403.3413,3.7633539548693897
Colorado,08,2016-12-01,2911048,2831617,79431,2.7286049560158405,53822.63619999999,0.9852009630868108
Connecticut,09,2016-12-01,1885241,1804144,81097,4.301678140884905,208149.2556,5.873703668251869
Delaware,10,2016-12-01,472264,452995,19269,4.080133145867566,62643.4967,6.660660251105248
Florida,12,2016-12-01,9870243,9426748,443495,4.493253104305538,895799.0234,4.394369998724865
Georgia,13,2016-12-01,4968522,4714108,254414,5.120516725094505,369287.39310000004,3.6372931594291606
Hawaii,15,2016-12-01,686487,669681,16806,2.4481162789681377,41587.918099999995,3.012784392737811
Idaho,16,2016-12-01,818179,789130,29049,3.5504455626458267,50054.337,3.022280281794142
Illinois,17,2016-12-01,6452515,6110146,342369,5.305977591683243,604799.0178,4.775832968698841
Indiana,18,2016-12-01,3288631,3161080,127551,3.878543989885153,265208.7899,4.043698622480474
Iowa,19,2016-12-01,1666730,1607842,58888,3.5331457404618622,153337.8519,4.962748145208147
Kansas,20,2016-12-01,1473968,1421219,52749,3.5787072717996593,149837.35940000002,5.234631741501079
Kentucky,21,2016-12-01,2029700,1931987,97713,4.814159728038627,205362.6674,4.7341262779817495
Louisiana,22,2016-12-01,2082263,1971710,110553,5.309271691424186,280644.1365,6.116451222292929
Maine,23,2016-12-01,690959,667205,23754,3.437830609341509,76731.8408,5.8395182878555065
Maryland,24,2016-12-01,3172253,3041893,130360,4.109382196186748,247502.2245,4.161760498679762
Massachusetts,25,2016-12-01,3628744,3505340,123404,3.4007359020090697,202585.4676,2.9876597158814753
Michigan,26,2016-12-01,4839546,4614679,224867,4.646448241219321,347709.6303,3.5571520714894964
Minnesota,27,2016-12-01,3039051,2916680,122371,4.026618835945826,78235.5903,1.4331559518296044
Mississippi,28,2016-12-01,1277784,1211110,66674,5.217939808293107,136046.6385,4.670262046551545
Missouri,29,2016-12-01,3040004,2921424,118580,3.900652762298997,339532.6788,5.66217689779366
Montana,30,2016-12-01,519305,496968,22337,4.301325810458208,34568.909400000004,3.3830632254152992
Nebraska,31,2016-12-01,1002239,973205,29034,2.896913809979456,101407.41249999999,5.411733670204037
Nevada,32,2016-12-01,1432746,1359608,73138,5.104742920238479,86188.8885,2.9522385020929143
New Hampshire,33,2016-12-01,748831,729719,19112,2.5522447655078384,28448.1333,2.1609750356076893
New Jersey,34,2016-12-01,4442300,4253063,189237,4.259887895909777,418590.355,4.734872442510821
New Mexico,35,2016-12-01,941005,883683,57322,6.091572308329924,161127.6782,7.874601318671588
New York,36,2016-12-01,9439099,9005990,433109,4.588457012687334,752140.2372,3.8399821609492917
North Carolina,37,2016-12-01,4859633,4627202,232431,4.7828920414360505,655341.2881,6.6616462810306425
North Dakota,38,2016-12-01,406370,394502,11868,2.920491177990501,27057.783300000003,3.5324167425085435
Ohio,39,2016-12-01,5717178,5430766,286412,5.009674353326064,600085.2405,5.23973346439268
Oklahoma,40,2016-12-01,1821736,1740365,81371,4.466673546551202,213169.8139,5.498068862224412
Oregon,41,2016-12-01,2048417,1966762,81655,3.986248893657883,113264.857,2.78734927626222
Pennsylvania,42,2016-12-01,6380336,6075449,304887,4.778541443585416,415200.71619999997,3.2896160346888204
Rhode Island,44,2016-12-01,552170,528444,23726,4.29686509589438,48651.7164,4.672224205205985
South Carolina,45,2016-12-01,2283307,2178179,105128,4.604199084923753,169561.025,3.4822478483110317
South Dakota,46,2016-12-01,451329,436283,15046,3.3337099986927496,34073.7581,4.029340056630777
Tennessee,47,2016-12-01,3132247,2993632,138615,4.42541728031027,374456.884,5.702855780964985
Texas,48,2016-12-01,13413038,12803258,609780,4.546173655811606,1306934.7828,4.743014633313693
Utah,49,2016-12-01,1522560,1476041,46519,3.0553147330811266,62814.2436,2.0753846200428026
Vermont,50,2016-12-01,343927,334168,9759,2.8375207529504807,24369.2052,3.9499170061413507
Virginia,51,2016-12-01,4235726,4074275,161451,3.8116488176997283,375427.1281,4.58329301046703
Washington,53,2016-12-01,3662627,3478635,183992,5.023498161292427,321755.77119999996,4.475421536877257
West Virginia,54,2016-12-01,769388,729841,39547,5.140059371864391,101591.5777,5.623646467052465
Wisconsin,55,2016-12-01,3103427,2997282,106145,3.4202512255000683,194025.3247,3.396648505619373
Wyoming,56,2016-12-01,294979,279848,15131,5.129517694479946,24106.8698,4.171402470686214
United States,00,2017-12-01,159658043,153387988,6270055,3.9271776618231504,12998445.441399999,4.058985938361199
Alabama,01,2017-12-01,2182191,2102222,79969,3.6646196414521004,224081.2601,4.68442063950045
Alaska,02,2017-12-01,352358,327869,24489,6.950033772470045,20883.700100000002,2.943672294508167
Arizona,04,2017-12-01,3347168,3196170,150998,4.511216646430654,249689.09769999998,3.5883137918724097
Arkansas,05,2017-12-01,1338735,1290274,48461,3.619909840259648,145329.2431,4.922154956292404
California,06,2017-12-01,19116861,18300736,816125,4.269137072242143,1594327.5558,4.1109660155920436
Colorado,08,2017-12-01,3016397,2931223,85174,2.82369993074519,241286.76659999997,4.337740277679565
Connecticut,09,2017-12-01,1872941,1797176,75765,4.045242215318048,138516.9756,3.971516717140415
Delaware,10,2017-12-01,478152,460202,17950,3.754036373370811,50117.6273,5.296872211250566
Florida,12,2017-12-01,10034395,9651698,382697,3.8138522551683485,831888.7300999999,4.029890944097832
Georgia,13,2017-12-01,5063482,4852076,211406,4.175111119186362,436407.5504,4.253268476415792
Hawaii,15,2017-12-01,678588,665243,13345,1.9665835529069184,35463.2052,2.589265388122172
Idaho,16,2017-12-01,840910,814976,25934,3.084039909146044,51821.588,3.058702246150708
Illinois,17,2017-12-01,6431206,6141340,289866,4.507179524338048,537709.8269,4.288966614473916
Indiana,18,2017-12-01,3316315,3212493,103822,3.1306435003912476,182466.6336,2.7827678928179647
Iowa,19,2017-12-01,1659650,1611487,48163,2.9019974090922784,56102.276099999995,1.8006500023858028
Kansas,20,2017-12-01,1469424,1423527,45897,3.1234687877699017,77401.3731,2.7421790899156555
Kentucky,21,2017-12-01,2043910,1963329,80581,3.9424925755047924,220812.8077,5.046288276067804
Louisiana,22,2017-12-01,2089859,2005205,84654,4.050703899162575,250529.7031,5.48419822829543
Maine,23,2017-12-01,691022,670571,20451,2.959529508467169,44172.5195,3.343591311270678
Maryland,24,2017-12-01,3193822,3067051,126771,3.9692568965959905,308640.8754,5.1863455553017985
Massachusetts,25,2017-12-01,3702772,3582126,120646,3.2582616483002464,284892.9697,4.204862438913215
Michigan,26,2017-12-01,4865058,4652606,212452,4.366895523136621,463978.0564,4.7192981167351284
Minnesota,27,2017-12-01,3053620,2954601,99019,3.2426759059738934,137609.0908,2.495336731243304
Mississippi,28,2017-12-01,1271483,1213632,57851,4.549883875757678,151850.486,5.235707401243112
Missouri,29,2017-12-01,3033528,2934841,98687,3.2532088050613015,233458.4768,3.881888855073985
Montana,30,2017-12-01,522105,501327,20778,3.979659263941161,29554.2818,2.8460448260358806
Nebraska,31,2017-12-01,1010184,983014,27170,2.689609021722775,96497.5706,5.098350564995217
Nevada,32,2017-12-01,1476962,1408105,68857,4.66206984336767,106993.55750000001,3.6185732693585466
New Hampshire,33,2017-12-01,753704,735691,18013,2.389930264400879,12869.938400000001,0.9778761512150247
New Jersey,34,2017-12-01,4412661,4229877,182784,4.142262457959041,222456.3107,2.514695809088249
New Mexico,35,2017-12-01,939319,891888,47431,5.049509272142903,101328.7633,4.9612716374953765
New York,36,2017-12-01,9425072,9010206,414866,4.401727647279512,924026.7886999999,4.7466640581672355
North Carolina,37,2017-12-01,4910718,4710825,199893,4.07054528482393,469743.2404,4.665764211780556
North Dakota,38,2017-12-01,401287,390461,10826,2.6978197649064137,18415.7448,2.4794841523410094
Ohio,39,2017-12-01,5729890,5479266,250624,4.3739757656778755,632433.5799,5.52986249613702
Oklahoma,40,2017-12-01,1837037,1767763,69274,3.770963785704915,119797.6043,3.100785525442329
Oregon,41,2017-12-01,2082284,2002060,80224,3.8526925241705743,92897.4104,2.242704887909368
Pennsylvania,42,2017-12-01,6357963,6084494,273469,4.301204646834214,380718.6178,3.0315340632678462
Rhode Island,44,2017-12-01,555115,532569,22546,4.0615007701106975,47457.0703,4.556109916632052
South Carolina,45,2017-12-01,2301810,2206723,95087,4.1309665002758695,195290.7919,3.959914788787449
South Dakota,46,2017-12-01,455121,439842,15279,3.3571292030031574,43456.7903,5.068018609252832
Tennessee,47,2017-12-01,3194486,3088760,105726,3.3096404241558735,318216.8343,4.798635062615935
Texas,48,2017-12-01,13655699,13130264,525435,3.847734195078553,1167048.3523,4.182188386380796
Utah,49,2017-12-01,1556683,1512103,44580,2.8637815149262886,69343.593,2.2356452114171295
Vermont,50,2017-12-01,345042,336645,8397,2.4336167770880066,14825.914499999999,2.4109959624623176
Virginia,51,2017-12-01,4281371,4146830,134541,3.142474688598582,233735.0994,2.8321096437196376
Washington,53,2017-12-01,3738936,3562032,176904,4.731399521147193,329777.5335,4.50325396582989
West Virginia,54,2017-12-01,772801,733322,39479,5.108559642132969,93257.9603,5.216913613027047
Wisconsin,55,2017-12-01,3107573,3024152,83421,2.684442167569354,262675.3023,4.587082736105547
Wyoming,56,2017-12-01,289708,278081,11627,4.0133513744874145,15645.0594,2.7309740220927123
United States,00,2018-12-01,161682809,155684011,5998798,3.7102262368536656,12226102.5769,3.7879359008594458
Alabama,01,2018-12-01,2230835,2153634,77201,3.460632453767311,305684.4403,6.366954525132005
Alaska,02,2018-12-01,345322,323677,21645,6.268062851483543,48389.8298,6.819474071682196
Arizona,04,2018-12-01,3481022,3317949,163073,4.684629973611198,211909.4887,2.9996554884174174
Arkansas,05,2018-12-01,1350450,1303442,47008,3.480913769484246,141228.796,4.802583770989964
California,06,2018-12-01,19323028,18511589,811439,4.199336667110352,1424504.5118,3.640418253240301
Colorado,08,2018-12-01,3102350,3002707,99643,3.2118555288732735,220848.52779999998,3.952226990602501
Connecticut,09,2018-12-01,1897578,1833471,64107,3.3783591504538943,219107.2657,6.252595065154442
Delaware,10,2018-12-01,483959,469118,14841,3.066582086499063,30368.8758,3.1615145028859093
Florida,12,2018-12-01,10199874,9857992,341882,3.351825718631426,746582.4961,3.5392959756438436
Georgia,13,2018-12-01,5084157,4892284,191873,3.7739393177669376,365680.7135,3.5338330130336946
Hawaii,15,2018-12-01,667886,651708,16178,2.422269668775809,43718.4977,3.2057960786178072
Idaho,16,2018-12-01,865407,839588,25819,2.983451716937811,49945.3972,2.8603310007457576
Illinois,17,2018-12-01,6448961,6164827,284134,4.405888018240458,320675.99210000003,2.5828994656724102
Indiana,18,2018-12-01,3375397,3258269,117128,3.4700510784361067,232382.41830000002,3.5119412777405365
Iowa,19,2018-12-01,1700670,1653937,46733,2.7479169974186646,81629.3327,2.6223248517103874
Kansas,20,2018-12-01,1478128,1433990,44138,2.986074277735081,100409.02799999999,3.5186523503902416
Kentucky,21,2018-12-01,2053447,1973651,79796,3.8859537158738453,170859.1534,3.890219139754486
Louisiana,22,2018-12-01,2084417,1995363,89054,4.272369684185074,336711.1913,7.406871690011261
Maine,23,2018-12-01,688804,667333,21471,3.1171421768746987,32661.325100000002,2.4688089896571297
Maryland,24,2018-12-01,3226513,3111617,114896,3.5609960350384458,199826.3131,3.343388337230622
Massachusetts,25,2018-12-01,3793952,3686668,107284,2.8277637671747033,196006.39190000002,2.8685062962915944
Michigan,26,2018-12-01,4919198,4723507,195691,3.978107813509438,391616.288,3.976556283367782
Minnesota,27,2018-12-01,3088515,2987339,101176,3.2758785370963066,80433.5379,1.4419788558309108
Mississippi,28,2018-12-01,1268442,1207498,60944,4.80463434670249,178474.0557,6.139599611626265
Missouri,29,2018-12-01,3043783,2952383,91400,3.002842186844463,188622.5161,3.124506352813218
Montana,30,2018-12-01,527374,508068,19306,3.6607796364629275,30910.7366,2.9368171988914975
Nebraska,31,2018-12-01,1024307,995177,29130,2.8438739557574046,38708.851800000004,2.034369413737254
Nevada,32,2018-12-01,1521360,1458789,62571,4.112833254456539,138575.54,4.593653997831868
New Hampshire,33,2018-12-01,763105,746166,16939,2.219746954875148,17196.7951,1.285932026888496
New Jersey,34,2018-12-01,4441859,4287225,154634,3.481290153514553,332995.2935,3.723209940170519
New Mexico,35,2018-12-01,949972,905753,44219,4.654768772132231,83852.5744,4.096012629458357
New York,36,2018-12-01,9492448,9117427,375021,3.9507300961775087,809092.0238000001,4.144304596659971
North Carolina,37,2018-12-01,4993760,4797223,196537,3.935651693313255,527460.326,5.175663320764669
North Dakota,38,2018-12-01,397126,387900,9226,2.323192135493521,20868.6476,2.8373727904702015
Ohio,39,2018-12-01,5782888,5529851,253037,4.375616473983242,693367.2093,6.054974402180757
Oklahoma,40,2018-12-01,1830820,1773971,56849,3.105111370861144,230876.39169999998,6.026238686145138
Oregon,41,2018-12-01,2093339,2010008,83331,3.9807694788087358,112835.9007,2.6956759468864453
Pennsylvania,42,2018-12-01,6414534,6170929,243605,3.7977037770787403,369977.1116,2.937248899063922
Rhode Island,44,2018-12-01,555833,536482,19351,3.4814413681807306,22199.0089,2.1196499230023793
South Carolina,45,2018-12-01,2349882,2268579,81303,3.459875857596254,217415.7548,4.330873930778656
South Dakota,46,2018-12-01,458696,444243,14453,3.1508886059612466,43376.621399999996,5.042919429302681
Tennessee,47,2018-12-01,3281948,3177448,104500,3.184084574161443,270665.0596,4.041402972136336
Texas,48,2018-12-01,13923948,13421526,502422,3.608330051218232,922354.7782999999,3.2530793907467466
Utah,49,2018-12-01,1580993,1538659,42334,2.677684214920623,89966.598,2.8607632776810767
Vermont,50,2018-12-01,342585,335372,7213,2.105462877825941,13973.4756,2.2670327986866714
Virginia,51,2018-12-01,4342370,4221114,121256,2.7923921729378196,339451.554,4.093973040793931
Washington,53,2018-12-01,3847322,3668047,179275,4.659734745363139,218279.971,2.9252588546670353
West Virginia,54,2018-12-01,781770,745249,36521,4.671578597285647,98060.3311,5.570217568507639
Wisconsin,55,2018-12-01,3089420,3004367,85053,2.7530410238815053,207463.459,3.603790675763286
Wyoming,56,2018-12-01,289854,279196,10658,3.6770236049873386,25861.4342,4.618140758450229
United States,00,2019-12-01,163493274,158006665,5486609,3.355862211187966,11214014.6144,3.4598772085839036
Alabama,01,2019-12-01,2247379,2190412,56967,2.534819449678937,258950.1434,5.379368614897247
Alaska,02,2019-12-01,341670,320804,20866,6.107062370123218,22766.62,3.212053915293849
Arizona,04,2019-12-01,3611711,3459557,152154,4.21279554205749,166752.8602,2.3115331674938515
Arkansas,05,2019-12-01,1355941,1310216,45725,3.372196872872787,124129.99859999999,4.175508572190024
California,06,2019-12-01,19470116,18758910,711206,3.652808231856451,1337319.8768,3.4272567336430253
Colorado,08,2019-12-01,3176471,3101768,74703,2.3517608062532287,201092.4473,3.5177566088328787
Connecticut,09,2019-12-01,1920196,1858359,61837,3.2203483394403487,178328.7399,5.110234788916241
Delaware,10,2019-12-01,488289,470989,17300,3.5429837657616696,26972.7778,2.810523542924253
Florida,12,2019-12-01,10397884,10133159,264725,2.545950695353016,745760.5724000001,3.4894684880277564
Georgia,13,2019-12-01,5148163,4999317,148846,2.8912448964805506,269944.3427,2.599837376497251
Hawaii,15,2019-12-01,667325,652343,14982,2.2450829805567003,37230.0227,2.751373827087956
Idaho,16,2019-12-01,888452,863080,25372,2.8557536028958235,62080.2198,3.491381141089539
Illinois,17,2019-12-01,6377232,6156835,220397,3.455997837306217,398869.9101,3.195503624552681
Indiana,18,2019-12-01,3359406,3259595,99811,2.971090722586076,205316.6559,3.0931095714717736
Iowa,19,2019-12-01,1745731,1694438,51293,2.9381960909212244,82617.1261,2.6388889965351217
Kansas,20,2019-12-01,1492699,1449859,42840,2.8699690962478033,53404.039899999996,1.8770349642199764
Kentucky,21,2019-12-01,2073838,1992752,81086,3.9099486073647025,155703.7221,3.5438512210119453
Louisiana,22,2019-12-01,2091000,1988019,102981,4.924964131994261,283201.7496,6.247753419398407
Maine,23,2019-12-01,688899,668979,19920,2.891570462433535,62494.5429,4.704752071669071
Maryland,24,2019-12-01,3261324,3163208,98116,3.008471406091514,240476.445,4.034371627829933
Massachusetts,25,2019-12-01,3822997,3732555,90442,2.3657355734257703,227668.3352,3.3086879179960214
Michigan,26,2019-12-01,4922109,4747245,174864,3.5526234790818325,339901.0096,3.4329959817006124
Minnesota,27,2019-12-01,3123709,3015523,108186,3.46338279269932,135527.5856,2.4177163561260353
Mississippi,28,2019-12-01,1279977,1213055,66922,5.2283751973668275,141721.45919999998,4.873653426672803
Missouri,29,2019-12-01,3096892,2991495,105397,3.403315323879554,171422.68310000002,2.8372031155978408
Montana,30,2019-12-01,531156,511817,19339,3.6409265827741755,31468.6693,2.981054850622974
Nebraska,31,2019-12-01,1033276,1005695,27581,2.6692771340861494,79226.2595,4.198598871243878
Nevada,32,2019-12-01,1550143,1497868,52275,3.3722695261017854,129655.359,4.199871387385754
New Hampshire,33,2019-12-01,773044,755470,17574,2.273350546670047,47407.9022,3.5267871847941246
New Jersey,34,2019-12-01,4547131,4382885,164246,3.612079792730845,242500.1608,2.7520547084330067
New Mexico,35,2019-12-01,966863,923442,43421,4.490915465789879,104089.3226,5.050831935919558
New York,36,2019-12-01,9468280,9116352,351928,3.7169158495524,662247.7734999999,3.4479336369993128
North Carolina,37,2019-12-01,5070827,4902572,168255,3.318097817180511,227252.93709999998,2.1998767803886414
North Dakota,38,2019-12-01,398298,389446,8852,2.2224565526314466,11809.8412,1.573152066096903
Ohio,39,2019-12-01,5776856,5557929,218927,3.7897257608636945,433649.0625,3.7609673742305922
Oklahoma,40,2019-12-01,1837940,1779729,58211,3.167187176948105,138688.6947,3.594712902084175
Oregon,41,2019-12-01,2089779,2028614,61165,2.9268645153387034,163396.0693,3.889028062703324
Pennsylvania,42,2019-12-01,6524296,6229176,295120,4.523399919316965,474016.9224,3.7551253839661305
Rhode Island,44,2019-12-01,558770,540973,17797,3.18503140827174,41330.1055,4.001648215147089
South Carolina,45,2019-12-01,2372013,2315534,56479,2.381057776664799,183936.5815,3.623958175213202
South Dakota,46,2019-12-01,463453,447150,16303,3.517724558908886,23985.180399999997,2.7626990722310287
Tennessee,47,2019-12-01,3361721,3257145,104576,3.1107875995658176,326205.18460000004,4.831204967061306
Texas,48,2019-12-01,14192255,13722119,470136,3.3126236810147507,1093704.3733,3.8165060515476505
Utah,49,2019-12-01,1629253,1594013,35240,2.162954433719011,98231.598,3.052836181964503
Vermont,50,2019-12-01,338615,331374,7241,2.1384167860254273,16436.4359,2.6422589019726255
Virginia,51,2019-12-01,4425963,4318658,107305,2.4244441266228387,163600.2535,1.959851868078287
Washington,53,2019-12-01,3944481,3786883,157598,3.995405225681148,227028.7254,2.993605122358516
West Virginia,54,2019-12-01,797720,758154,39566,4.959885674171389,119972.7318,6.82978659825202
Wisconsin,55,2019-12-01,3089959,2990550,99409,3.2171624283687907,212745.9143,3.6866531973797065
Wyoming,56,2019-12-01,290539,279838,10701,3.6831544130047944,19041.4656,3.3690717468733737
